study	organism	sex_diff	design_sex	n	n_case	n_control	n_female	n_male
ERP004043	Human	0.044	balanced	24	9	15	14	10
ERP006121	Human	0.379	partially_confounded	17	11	6	7	10
ERP010889	Human	0.1	balanced	15	10	5	10	5
ERP010930	Human	0.167	mildly_imbalanced	40	22	18	17	23
ERP013206	Human	0.514	partially_confounded	19	14	5	8	11
ERP015831	Human	0.1	balanced	14	10	4	6	8
ERP022260	Human	0.192	mildly_imbalanced	17	13	4	11	6
ERP022906	Human	0.225	mildly_imbalanced	13	8	5	7	6
ERP022968	Human	0.5	partially_confounded	8	4	4	4	4
ERP023272	Human	0.075	balanced	49	25	24	41	8
ERP104782	Human	0.5	partially_confounded	11	6	5	3	8
ERP104864	Human	0.006	balanced	61	45	16	46	15
ERP105501	Human	0.35	partially_confounded	70	60	10	28	42
ERP106168	Human	0.2	mildly_imbalanced	10	5	5	5	5
ERP106487	Human	0.164	mildly_imbalanced	21	10	11	6	15
ERP106532	Human	0.05	balanced	14	4	10	3	11
ERP109255	Human	0.087	balanced	69	27	42	19	50
ERP109626	Human	0.092	balanced	31	16	15	18	13
ERP110099	Human	0.275	mildly_imbalanced	13	8	5	3	10
ERP113396	Human	0.029	balanced	43	25	18	27	16
ERP114636	Human	0.043	balanced	46	23	23	23	23
ERP114936	Human	0.25	mildly_imbalanced	9	4	5	8	1
ERP115010	Human	0.012	balanced	292	103	189	148	144
ERP115036	Human	0.5	partially_confounded	20	10	10	13	7
ERP116722	Human	0.019	balanced	26	5	21	10	16
SRP003726	Human	0.143	balanced	14	7	7	13	1
SRP005279	Human	0.145	balanced	33	25	8	16	17
SRP007584	Human	0.03	balanced	23	12	11	8	15
SRP008496	Human	0.057	balanced	12	7	5	2	10
SRP010181	Human	0.016	balanced	124	62	62	69	55
SRP015668	Human	0.018	balanced	33	17	16	10	23
SRP017262	Human	0.7	partially_confounded	15	5	10	8	7
SRP019994	Human	0.089	balanced	60	32	28	55	5
SRP026042	Human	0.625	partially_confounded	13	8	5	8	5
SRP026208	Human	0.078	balanced	25	14	11	8	17
SRP027383	Human	0.022	balanced	84	52	32	33	51
SRP027530	Human	0.075	balanced	18	10	8	12	6
SRP032279	Human	0.006	balanced	110	81	29	65	45
SRP032775	Human	0.038	balanced	29	14	15	16	13
SRP033095	Human	0.071	balanced	15	8	7	7	8
SRP033276	Human	0.067	balanced	11	6	5	7	4
SRP033725	Human	0.045	balanced	21	10	11	10	11
SRP034831	Human	0.056	balanced	15	9	6	13	2
SRP035524	Human	0.2	mildly_imbalanced	10	5	5	3	7
SRP035988	Human	0.057	balanced	173	92	81	61	112
SRP036821	Human	0.2	mildly_imbalanced	19	14	5	18	1
SRP036848	Human	0.029	balanced	72	37	35	1	71
SRP040622	Human	0.095	balanced	13	7	6	5	8
SRP041620	Human	0.1	balanced	11	6	5	5	6
SRP042086	Human	0.351	partially_confounded	18	7	11	9	9
SRP042184	Human	0.457	partially_confounded	22	7	15	10	12
SRP042228	Human	0.041	balanced	260	218	42	108	152
SRP043221	Human	0.111	balanced	18	9	9	9	9
SRP043388	Human	0.1	balanced	16	10	6	7	9
SRP044042	Human	0.167	mildly_imbalanced	10	6	4	9	1
SRP044373	Human	0.105	balanced	45	8	37	13	32
SRP044668	Human	0.079	balanced	54	37	17	22	32
SRP045225	Human	0.333	partially_confounded	60	54	6	28	32
SRP045500	Human	0.25	mildly_imbalanced	8	4	4	7	1
SRP046233	Human	0.542	partially_confounded	14	6	8	5	9
SRP047122	Human	0.386	partially_confounded	19	11	8	10	9
SRP048801	Human	0.003	balanced	259	208	51	101	158
SRP049097	Human	0.25	mildly_imbalanced	38	32	6	30	8
SRP049408	Human	0.559	partially_confounded	27	8	19	13	14
SRP049820	Human	0.5	partially_confounded	43	32	11	27	16
SRP050000	Human	0.045	balanced	107	84	23	66	41
SRP050493	Human	0.083	balanced	16	12	4	1	15
SRP050971	Human	0.214	mildly_imbalanced	15	7	8	6	9
SRP052056	Human	0.528	partially_confounded	22	18	4	15	7
SRP052896	Human	0.2	mildly_imbalanced	21	10	11	2	19
SRP053296	Human	0.279	mildly_imbalanced	31	15	16	10	21
SRP055749	Human	0.164	mildly_imbalanced	16	5	11	11	5
SRP056443	Human	0.667	partially_confounded	12	6	6	6	6
SRP056477	Human	0.25	mildly_imbalanced	16	8	8	8	8
SRP056696	Human	0.26	mildly_imbalanced	55	50	5	9	46
SRP056835	Human	0.19	mildly_imbalanced	13	6	7	3	10
SRP056840	Human	0.256	mildly_imbalanced	64	12	52	40	24
SRP057350	Human	0.134	balanced	37	16	21	19	18
SRP057793	Human	0.225	mildly_imbalanced	84	44	40	51	33
SRP058243	Human	0.286	mildly_imbalanced	46	42	4	11	35
SRP059039	Human	0.176	mildly_imbalanced	252	205	47	114	138
SRP059057	Human	0.008	balanced	23	13	10	16	7
SRP059172	Human	0.228	mildly_imbalanced	150	103	47	34	116
SRP059588	Human	0.069	balanced	23	13	10	17	6
SRP060205	Human	0.095	balanced	13	6	7	8	5
SRP060715	Human	0.4	partially_confounded	15	10	5	2	13
SRP061286	Human	0.214	mildly_imbalanced	19	7	12	11	8
SRP062025	Human	0.067	balanced	24	17	7	16	8
SRP062298	Human	0.25	mildly_imbalanced	16	8	8	6	10
SRP062966	Human	0.061	balanced	117	99	18	111	6
SRP063006	Human	0.15	mildly_imbalanced	22	10	12	4	18
SRP063496	Human	0.089	balanced	70	12	58	24	46
SRP063838	Human	0.05	balanced	9	4	5	2	7
SRP064431	Human	0.125	balanced	12	8	4	2	10
SRP064478	Human	0.071	balanced	15	7	8	7	8
SRP065232	Human	0.051	balanced	25	13	12	9	16
SRP065445	Human	0.514	partially_confounded	12	7	5	6	6
SRP065812	Human	0.206	mildly_imbalanced	32	18	14	10	22
SRP065865	Human	0.1	balanced	20	10	10	1	19
SRP067631	Human	0.25	mildly_imbalanced	18	6	12	9	9
SRP068591	Human	0.286	mildly_imbalanced	30	21	9	14	16
SRP069976	Human	0.255	mildly_imbalanced	41	31	10	12	29
SRP070148	Human	0.32	partially_confounded	50	25	25	24	26
SRP070710	Human	0.033	balanced	22	12	10	7	15
SRP071203	Human	0.083	balanced	27	15	12	8	19
SRP071758	Human	0.06	balanced	75	50	25	24	51
SRP071965	Human	0.099	balanced	355	110	245	250	105
SRP072242	Human	0.5	partially_confounded	11	7	4	2	9
SRP072463	Human	0.107	balanced	11	4	7	2	9
SRP072492	Human	0.07	balanced	45	20	25	22	23
SRP072494	Human	0.33	partially_confounded	20	13	7	10	10
SRP072693	Human	0.054	balanced	29	17	12	16	13
SRP073347	Human	0.083	balanced	16	12	4	7	9
SRP073382	Human	0.056	balanced	36	18	18	23	13
SRP074349	Human	0.097	balanced	218	199	19	111	107
SRP074581	Human	0.053	balanced	28	19	9	1	27
SRP074739	Human	0.556	partially_confounded	15	6	9	5	10
SRP074904	Human	0.5	partially_confounded	8	4	4	4	4
SRP076032	Human	0.075	balanced	18	8	10	6	12
SRP076627	Human	0.173	mildly_imbalanced	21	11	10	17	4
SRP077046	Human	0.202	mildly_imbalanced	102	42	60	51	51
SRP077708	Human	0.283	mildly_imbalanced	22	10	12	12	10
SRP078314	Human	0.19	mildly_imbalanced	16	9	7	4	12
SRP078441	Human	0.571	partially_confounded	14	7	7	8	6
SRP078450	Human	0.121	balanced	28	22	6	12	16
SRP081020	Human	0.548	partially_confounded	13	7	6	7	6
SRP081599	Human	0.024	balanced	79	53	26	59	20
SRP081605	Human	0.167	mildly_imbalanced	45	30	15	20	25
SRP086078	Human	0.027	balanced	63	30	33	18	45
SRP086245	Human	0.095	balanced	42	21	21	18	24
SRP089788	Human	0.136	balanced	55	44	11	31	24
SRP090282	Human	0	balanced	16	8	8	8	8
SRP090460	Human	0.007	balanced	27	7	20	23	4
SRP090552	Human	0	balanced	14	8	6	7	7
SRP090633	Human	0	balanced	10	4	6	5	5
SRP090799	Human	0.181	mildly_imbalanced	52	27	25	18	34
SRP092402	Human	0.234	mildly_imbalanced	112	91	21	48	64
SRP092408	Human	0.292	mildly_imbalanced	36	24	12	22	14
SRP092501	Human	0.125	balanced	12	8	4	5	7
SRP094553	Human	0.188	mildly_imbalanced	42	23	19	20	22
SRP094784	Human	0.375	partially_confounded	12	8	4	6	6
SRP095361	Human	0.256	mildly_imbalanced	38	20	18	16	22
SRP095491	Human	0.022	balanced	19	9	10	4	15
SRP096201	Human	0.55	partially_confounded	9	5	4	4	5
SRP096757	Human	0.024	balanced	245	210	35	93	152
SRP098758	Human	0.052	balanced	329	73	256	194	135
SRP099676	Human	0.008	balanced	23	15	8	3	20
SRP099844	Human	0	balanced	20	10	10	10	10
SRP100948	Human	0.123	balanced	94	61	33	36	58
SRP102186	Human	0.072	balanced	46	22	24	8	38
SRP102542	Human	0.023	balanced	37	19	18	16	21
SRP103819	Human	0	balanced	10	5	5	6	4
SRP106008	Human	0.136	balanced	27	20	7	22	5
SRP106011	Human	0.608	partially_confounded	78	51	27	47	31
SRP107025	Human	0.101	balanced	189	65	124	98	91
SRP109111	Human	0.221	mildly_imbalanced	86	42	44	22	64
SRP109781	Human	0.033	balanced	51	21	30	18	33
SRP111640	Human	0.339	partially_confounded	30	14	16	16	14
SRP112744	Human	0	balanced	16	8	8	2	14
SRP112751	Human	0.542	partially_confounded	17	8	9	7	10
SRP113226	Human	0.267	mildly_imbalanced	14	9	5	8	6
SRP113245	Human	0.054	balanced	44	28	16	15	29
SRP113470	Human	0.033	balanced	304	254	50	124	180
SRP113755	Human	0.35	partially_confounded	44	24	20	37	7
SRP114567	Human	0.25	mildly_imbalanced	8	4	4	5	3
SRP114762	Human	0	balanced	18	9	9	12	6
SRP115011	Human	0.128	balanced	80	21	59	19	61
SRP115571	Human	0	balanced	52	13	39	12	40
SRP115911	Human	0.057	balanced	12	5	7	2	10
SRP116272	Human	0.058	balanced	110	37	73	76	34
SRP116937	Human	0.171	mildly_imbalanced	12	7	5	6	6
SRP117020	Human	0.141	balanced	127	31	96	34	93
SRP118972	Human	0.5	partially_confounded	12	6	6	3	9
SRP119122	Human	0.298	mildly_imbalanced	29	11	18	8	21
SRP119561	Human	0.017	balanced	22	12	10	2	20
SRP119636	Human	0.255	mildly_imbalanced	42	22	20	28	14
SRP119676	Human	0.033	balanced	60	30	30	31	29
SRP121330	Human	0.436	partially_confounded	16	11	5	8	8
SRP124651	Human	0.55	partially_confounded	13	5	8	6	7
SRP125233	Human	0.292	mildly_imbalanced	25	11	14	20	5
SRP125882	Human	0.02	balanced	40	27	13	19	21
SRP126056	Human	0.188	mildly_imbalanced	50	23	27	21	29
SRP126422	Human	0.25	mildly_imbalanced	8	4	4	3	5
SRP126580	Human	0.193	mildly_imbalanced	28	17	11	12	16
SRP126582	Human	0.264	mildly_imbalanced	42	16	26	20	22
SRP126583	Human	0.175	mildly_imbalanced	31	16	15	9	22
SRP126623	Human	0.292	mildly_imbalanced	22	16	6	12	10
SRP126691	Human	0.06	balanced	103	53	50	38	65
SRP127180	Human	0.042	balanced	14	6	8	5	9
SRP129004	Human	0.094	balanced	226	206	20	105	121
SRP131125	Human	0.333	partially_confounded	14	6	8	9	5
SRP132197	Human	0	balanced	18	9	9	2	16
SRP132699	Human	0	balanced	25	20	5	15	10
SRP132709	Human	0.071	balanced	28	14	14	9	19
SRP132711	Human	0.1	balanced	15	10	5	8	7
SRP132939	Human	0.118	balanced	50	33	17	48	2
SRP132992	Human	0.417	partially_confounded	10	4	6	5	5
SRP133205	Human	0.1	balanced	21	5	16	11	10
SRP133303	Human	0	balanced	14	7	7	4	10
SRP133393	Human	0.167	mildly_imbalanced	12	6	6	9	3
SRP133442	Human	0.07	balanced	62	39	23	27	35
SRP133849	Human	0	balanced	8	4	4	2	6
SRP134018	Human	0.114	balanced	36	13	23	14	22
SRP134188	Human	0.1	balanced	18	8	10	10	8
SRP135671	Human	0.136	balanced	25	14	11	14	11
SRP136102	Human	0.004	balanced	60	31	29	56	4
SRP136195	Human	0.4	partially_confounded	20	10	10	4	16
SRP136239	Human	0.222	mildly_imbalanced	24	18	6	16	8
SRP136742	Human	0.127	balanced	80	57	23	42	38
SRP136938	Human	0.146	balanced	42	17	25	16	26
SRP140711	Human	0.714	partially_confounded	13	6	7	5	8
SRP140795	Human	0.155	mildly_imbalanced	26	12	14	13	13
SRP140945	Human	0	balanced	20	10	10	10	10
SRP141180	Human	0.197	mildly_imbalanced	22	13	9	5	17
SRP143467	Human	0.083	balanced	14	8	6	11	3
SRP144003	Human	0.1	balanced	26	6	20	15	11
SRP144491	Human	0.322	partially_confounded	38	20	18	17	21
SRP144583	Human	0.079	balanced	37	18	19	17	20
SRP144647	Human	0	balanced	44	26	18	22	22
SRP148556	Human	0.056	balanced	36	18	18	21	15
SRP149374	Human	0.188	mildly_imbalanced	88	80	8	40	48
SRP149847	Human	0.276	mildly_imbalanced	31	12	19	18	13
SRP149978	Human	0.022	balanced	92	46	46	61	31
SRP150311	Human	0.314	partially_confounded	43	34	9	18	25
SRP150313	Human	0.125	balanced	16	8	8	9	7
SRP150382	Human	0.1	balanced	15	10	5	8	7
SRP150595	Human	0.187	mildly_imbalanced	39	19	20	25	14
SRP150872	Human	0.08	balanced	122	83	39	113	9
SRP151425	Human	0.268	mildly_imbalanced	44	31	13	12	32
SRP151960	Human	0.233	mildly_imbalanced	16	10	6	11	5
SRP152983	Human	0.029	balanced	12	7	5	7	5
SRP154474	Human	0.722	partially_confounded	15	6	9	9	6
SRP154573	Human	0.101	balanced	31	17	14	15	16
SRP154984	Human	0.139	balanced	34	18	16	23	11
SRP155089	Human	0.4	partially_confounded	9	4	5	2	7
SRP155363	Human	0.023	balanced	45	12	33	33	12
SRP155976	Human	0.041	balanced	146	92	54	53	93
SRP156049	Human	0.007	balanced	24	11	13	11	13
SRP156394	Human	0.014	balanced	30	13	17	21	9
SRP156952	Human	0.167	mildly_imbalanced	12	6	6	3	9
SRP158639	Human	0.195	mildly_imbalanced	47	42	5	20	27
SRP158943	Human	0.103	balanced	22	9	13	6	16
SRP158994	Human	0.333	partially_confounded	12	6	6	2	10
SRP159264	Human	0	balanced	30	15	15	8	22
SRP162073	Human	0.119	balanced	13	7	6	10	3
SRP162125	Human	0.027	balanced	147	127	20	121	26
SRP162411	Human	0.025	balanced	28	20	8	10	18
SRP162492	Human	0.136	balanced	88	22	66	35	53
SRP162500	Human	0.024	balanced	29	21	8	15	14
SRP162743	Human	0.364	partially_confounded	16	5	11	4	12
SRP162873	Human	0.545	partially_confounded	31	20	11	6	25
SRP163173	Human	0.021	balanced	90	47	43	1	89
SRP163478	Human	0.8	partially_confounded	10	5	5	4	6
SRP165679	Human	0.121	balanced	85	49	36	46	39
SRP166200	Human	0.083	balanced	16	4	12	5	11
SRP166889	Human	0.233	mildly_imbalanced	29	14	15	18	11
SRP168038	Human	0.2	mildly_imbalanced	15	5	10	8	7
SRP168251	Human	0.206	mildly_imbalanced	160	155	5	96	64
SRP168357	Human	0.55	partially_confounded	14	10	4	9	5
SRP169085	Human	0.114	balanced	12	7	5	8	4
SRP169128	Human	0.121	balanced	17	11	6	7	10
SRP169610	Human	0.2	mildly_imbalanced	10	5	5	1	9
SRP170629	Human	0.372	partially_confounded	37	21	16	24	13
SRP172534	Human	0.333	partially_confounded	12	6	6	10	2
SRP173378	Human	0.032	balanced	16	9	7	14	2
SRP173379	Human	0.034	balanced	19	8	11	17	2
SRP173842	Human	0.222	mildly_imbalanced	35	17	18	31	4
SRP174223	Human	0.118	balanced	90	59	31	36	54
SRP174668	Human	0.083	balanced	54	18	36	45	9
SRP175005	Human	0.426	partially_confounded	41	21	20	30	11
SRP175171	Human	0.444	partially_confounded	18	9	9	4	14
SRP178454	Human	0.175	mildly_imbalanced	13	5	8	9	4
SRP179061	Human	0.2	mildly_imbalanced	40	20	20	20	20
SRP181114	Human	0.125	balanced	16	8	8	5	11
SRP181886	Human	0.024	balanced	289	219	70	131	158
SRP182096	Human	0.156	mildly_imbalanced	48	32	16	17	31
SRP183071	Human	0.113	balanced	380	131	249	230	150
SRP183186	Human	0.058	balanced	59	39	20	42	17
SRP185902	Human	0.133	balanced	30	15	15	14	16
SRP186138	Human	0.196	mildly_imbalanced	36	28	8	10	26
SRP186205	Human	0.055	balanced	20	13	7	5	15
SRP186450	Human	0.25	mildly_imbalanced	30	16	14	4	26
SRP186882	Human	0.083	balanced	18	12	6	13	5
SRP187088	Human	0.417	partially_confounded	19	4	15	11	8
SRP188422	Human	0.033	balanced	23	15	8	12	11
SRP188973	Human	0.208	mildly_imbalanced	14	8	6	4	10
SRP189204	Human	0.6	partially_confounded	19	10	9	13	6
SRP191569	Human	0	balanced	16	8	8	8	8
SRP192714	Human	0.036	balanced	89	43	46	48	41
SRP192825	Human	0.189	mildly_imbalanced	23	12	11	4	19
SRP193374	Human	0.214	mildly_imbalanced	111	86	25	26	85
SRP193940	Human	0	balanced	20	10	10	10	10
SRP197353	Human	0.409	partially_confounded	39	14	25	26	13
SRP198379	Human	0.034	balanced	29	13	16	24	5
SRP198979	Human	0.5	partially_confounded	100	68	32	84	16
SRP200059	Human	0.011	balanced	19	11	8	7	12
SRP200094	Human	0.017	balanced	17	12	5	7	10
SRP201023	Human	0.081	balanced	33	20	13	6	27
SRP212148	Human	0.029	balanced	61	33	28	38	23
SRP212702	Human	0.017	balanced	62	33	29	8	54
SRP212755	Human	0.019	balanced	341	240	101	153	188
SRP212956	Human	0.065	balanced	41	23	18	22	19
SRP215509	Human	0.111	balanced	13	9	4	1	12
SRP215939	Human	0.327	partially_confounded	32	22	10	12	20
SRP216404	Human	0.094	balanced	52	32	20	36	16
SRP216420	Human	0.029	balanced	95	51	44	59	36
SRP217543	Human	0.083	balanced	24	12	12	19	5
SRP217937	Human	0.08	balanced	42	25	17	40	2
SRP218531	Human	0.048	balanced	16	7	9	11	5
SRP220251	Human	0.139	balanced	61	33	28	22	39
SRP221482	Human	0.212	mildly_imbalanced	67	49	18	38	29
DRP002295	Mouse	0.05	balanced	25	20	5	19	6
DRP003637	Mouse	0.333	partially_confounded	12	6	6	4	8
DRP004672	Mouse	0.75	partially_confounded	60	28	32	39	21
DRP004730	Mouse	0.2	mildly_imbalanced	10	5	5	5	5
DRP004731	Mouse	0.5	partially_confounded	8	4	4	4	4
DRP005135	Mouse	0.25	mildly_imbalanced	8	4	4	7	1
DRP005463	Mouse	1	completely_confounded	10	4	6	6	4
ERP004369	Mouse	0	balanced	12	6	6	8	4
ERP005175	Mouse	0.167	mildly_imbalanced	10	4	6	6	4
ERP006813	Mouse	0.062	balanced	20	4	16	9	11
ERP006822	Mouse	0.4	partially_confounded	16	6	10	12	4
ERP009958	Mouse	0.125	balanced	16	8	8	9	7
ERP012146	Mouse	0.167	mildly_imbalanced	12	6	6	9	3
ERP013315	Mouse	0.833	partially_confounded	12	6	6	5	7
ERP015152	Mouse	0.2	mildly_imbalanced	10	5	5	3	7
ERP016751	Mouse	0.071	balanced	15	8	7	8	7
ERP020504	Mouse	0.136	balanced	23	12	11	13	10
ERP020514	Mouse	1	completely_confounded	12	6	6	6	6
ERP020735	Mouse	0.125	balanced	16	8	8	1	15
ERP021472	Mouse	0.667	partially_confounded	14	6	8	10	4
ERP021891	Mouse	0.25	mildly_imbalanced	8	4	4	7	1
ERP022432	Mouse	0	balanced	8	4	4	6	2
ERP022747	Mouse	0.1	balanced	9	5	4	5	4
ERP022752	Mouse	0.25	mildly_imbalanced	8	4	4	3	5
ERP023283	Mouse	0	balanced	8	4	4	2	6
ERP023452	Mouse	0	balanced	12	6	6	6	6
ERP023507	Mouse	0	balanced	12	6	6	4	8
ERP024052	Mouse	0.6	partially_confounded	9	5	4	3	6
ERP104373	Mouse	0	balanced	12	6	6	10	2
ERP104759	Mouse	0.25	mildly_imbalanced	8	4	4	3	5
ERP105638	Mouse	0.018	balanced	21	11	10	4	17
ERP106455	Mouse	0.25	mildly_imbalanced	16	8	8	10	6
ERP107948	Mouse	0.278	mildly_imbalanced	26	8	18	18	8
ERP108446	Mouse	0.167	mildly_imbalanced	12	6	6	5	7
ERP109057	Mouse	0.5	partially_confounded	8	4	4	6	2
ERP109306	Mouse	0.524	partially_confounded	13	7	6	8	5
ERP109959	Mouse	0	balanced	40	20	20	20	20
ERP110063	Mouse	0	balanced	8	4	4	4	4
ERP111614	Mouse	0	balanced	12	6	6	6	6
ERP112516	Mouse	0.05	balanced	40	20	20	37	3
ERP114372	Mouse	0.095	balanced	25	18	7	16	9
ERP114772	Mouse	0.2	mildly_imbalanced	20	10	10	12	8
ERP115639	Mouse	0.333	partially_confounded	12	6	6	4	8
ERP117312	Mouse	0	balanced	36	18	18	18	18
SRP002811	Mouse	0	balanced	8	4	4	4	4
SRP016859	Mouse	0	balanced	20	10	10	12	8
SRP017560	Mouse	0.111	balanced	15	9	6	14	1
SRP017849	Mouse	0.6	partially_confounded	23	18	5	20	3
SRP018038	Mouse	0.25	mildly_imbalanced	8	4	4	3	5
SRP018287	Mouse	0	balanced	16	8	8	8	8
SRP018846	Mouse	0.25	mildly_imbalanced	8	4	4	1	7
SRP020224	Mouse	0.429	partially_confounded	12	7	5	9	3
SRP020636	Mouse	0.01	balanced	410	202	208	146	264
SRP023469	Mouse	0.5	partially_confounded	8	4	4	4	4
SRP026667	Mouse	0.286	mildly_imbalanced	14	7	7	12	2
SRP029912	Mouse	0.25	mildly_imbalanced	8	4	4	3	5
SRP029939	Mouse	0	balanced	10	5	5	4	6
SRP032458	Mouse	0.25	mildly_imbalanced	8	4	4	3	5
SRP033501	Mouse	0	balanced	8	4	4	6	2
SRP034855	Mouse	0.467	partially_confounded	23	15	8	7	16
SRP035462	Mouse	0.016	balanced	37	31	6	18	19
SRP035523	Mouse	0	balanced	12	6	6	8	4
SRP037555	Mouse	0.833	partially_confounded	12	6	6	5	7
SRP038635	Mouse	0.167	mildly_imbalanced	12	6	6	7	5
SRP039628	Mouse	0.25	mildly_imbalanced	8	4	4	7	1
SRP040560	Mouse	0.4	partially_confounded	11	5	6	2	9
SRP041101	Mouse	1	completely_confounded	11	5	6	6	5
SRP041584	Mouse	1	completely_confounded	11	6	5	6	5
SRP042206	Mouse	0.4	partially_confounded	12	5	7	2	10
SRP042289	Mouse	0.5	partially_confounded	8	4	4	4	4
SRP042368	Mouse	0	balanced	12	6	6	6	6
SRP043493	Mouse	0	balanced	12	6	6	2	10
SRP043967	Mouse	0.108	balanced	23	8	15	7	16
SRP045747	Mouse	0	balanced	8	4	4	4	4
SRP045828	Mouse	0.2	mildly_imbalanced	10	5	5	9	1
SRP047452	Mouse	0.047	balanced	52	35	17	20	32
SRP048707	Mouse	0	balanced	8	4	4	2	6
SRP049141	Mouse	1	completely_confounded	8	4	4	4	4
SRP049219	Mouse	0.067	balanced	60	30	30	28	32
SRP049763	Mouse	0.536	partially_confounded	26	12	14	12	14
SRP050894	Mouse	0.121	balanced	20	9	11	8	12
SRP051497	Mouse	0	balanced	8	4	4	2	6
SRP052583	Mouse	0.5	partially_confounded	8	4	4	4	4
SRP052794	Mouse	0.257	mildly_imbalanced	12	7	5	9	3
SRP053223	Mouse	0	balanced	10	5	5	6	4
SRP053235	Mouse	0.625	partially_confounded	13	5	8	8	5
SRP053389	Mouse	0	balanced	16	8	8	8	8
SRP053396	Mouse	0.022	balanced	47	24	23	24	23
SRP053398	Mouse	0	balanced	56	8	48	28	28
SRP053401	Mouse	0	balanced	16	8	8	8	8
SRP055058	Mouse	0	balanced	48	24	24	24	24
SRP055082	Mouse	0.25	mildly_imbalanced	8	4	4	3	5
SRP055521	Mouse	0.1	balanced	20	10	10	7	13
SRP055571	Mouse	0.071	balanced	15	7	8	7	8
SRP056447	Mouse	0.143	balanced	18	14	4	11	7
SRP056865	Mouse	0	balanced	48	24	24	20	28
SRP056980	Mouse	0	balanced	8	4	4	2	6
SRP057563	Mouse	0.25	mildly_imbalanced	12	4	8	2	10
SRP057615	Mouse	1	completely_confounded	9	5	4	4	5
SRP057815	Mouse	0.333	partially_confounded	12	6	6	10	2
SRP058363	Mouse	0.25	mildly_imbalanced	8	4	4	3	5
SRP058378	Mouse	0.2	mildly_imbalanced	10	5	5	9	1
SRP058506	Mouse	0.067	balanced	11	6	5	4	7
SRP058715	Mouse	0.75	partially_confounded	8	4	4	5	3
SRP059676	Mouse	0.25	mildly_imbalanced	8	4	4	7	1
SRP060296	Mouse	0	balanced	36	18	18	18	18
SRP060667	Mouse	0.125	balanced	16	8	8	9	7
SRP061193	Mouse	0	balanced	24	12	12	8	16
SRP061386	Mouse	0.167	mildly_imbalanced	12	6	6	7	5
SRP061407	Mouse	0.333	partially_confounded	12	6	6	10	2
SRP061758	Mouse	0.6	partially_confounded	9	5	4	6	3
SRP061785	Mouse	0.444	partially_confounded	15	9	6	6	9
SRP061800	Mouse	0.5	partially_confounded	8	4	4	4	4
SRP061985	Mouse	0.8	partially_confounded	9	5	4	4	5
SRP062238	Mouse	0.25	mildly_imbalanced	8	4	4	7	1
SRP063269	Mouse	0.045	balanced	23	11	12	11	12
SRP063455	Mouse	0.016	balanced	384	188	196	193	191
SRP063574	Mouse	1	completely_confounded	8	4	4	4	4
SRP064216	Mouse	0	balanced	48	24	24	24	24
SRP064223	Mouse	0.05	balanced	9	4	5	2	7
SRP064245	Mouse	0	balanced	48	24	24	22	26
SRP064534	Mouse	0	balanced	12	6	6	6	6
SRP064844	Mouse	0.5	partially_confounded	8	4	4	6	2
SRP064923	Mouse	0.467	partially_confounded	11	6	5	6	5
SRP064982	Mouse	0.083	balanced	10	6	4	3	7
SRP064991	Mouse	0.333	partially_confounded	12	6	6	4	8
SRP065536	Mouse	0.25	mildly_imbalanced	10	4	6	9	1
SRP065571	Mouse	0.125	balanced	16	8	8	11	5
SRP065767	Mouse	0.129	balanced	29	14	15	25	4
SRP065801	Mouse	0.5	partially_confounded	8	4	4	2	6
SRP065842	Mouse	0.014	balanced	17	7	10	5	12
SRP066097	Mouse	0.1	balanced	18	10	8	10	8
SRP067243	Mouse	0.067	balanced	11	5	6	7	4
SRP067339	Mouse	0.464	partially_confounded	11	7	4	5	6
SRP067454	Mouse	0.108	balanced	27	16	11	14	13
SRP067490	Mouse	0.125	balanced	12	8	4	8	4
SRP067527	Mouse	0.25	mildly_imbalanced	8	4	4	3	5
SRP067600	Mouse	0.667	partially_confounded	15	9	6	9	6
SRP067752	Mouse	0	balanced	12	6	6	6	6
SRP068384	Mouse	0.071	balanced	15	8	7	7	8
SRP068500	Mouse	0	balanced	10	5	5	4	6
SRP068520	Mouse	0	balanced	16	8	8	8	8
SRP068574	Mouse	0.056	balanced	17	8	9	9	8
SRP068744	Mouse	0.5	partially_confounded	8	4	4	2	6
SRP068777	Mouse	0.333	partially_confounded	12	6	6	6	6
SRP069292	Mouse	0.5	partially_confounded	8	4	4	6	2
SRP069772	Mouse	0.143	balanced	14	7	7	3	11
SRP069809	Mouse	0	balanced	8	4	4	4	4
SRP069812	Mouse	0.2	mildly_imbalanced	10	5	5	3	7
SRP069873	Mouse	0.2	mildly_imbalanced	10	5	5	7	3
SRP069979	Mouse	0	balanced	8	4	4	4	4
SRP070188	Mouse	0.111	balanced	15	6	9	11	4
SRP070440	Mouse	0	balanced	12	4	8	6	6
SRP070571	Mouse	0.25	mildly_imbalanced	8	4	4	1	7
SRP070642	Mouse	0.5	partially_confounded	15	11	4	13	2
SRP070673	Mouse	0.022	balanced	92	46	46	67	25
SRP070767	Mouse	0	balanced	48	16	32	24	24
SRP070769	Mouse	0.033	balanced	47	15	32	24	23
SRP070770	Mouse	0.033	balanced	47	15	32	24	23
SRP070775	Mouse	0	balanced	48	16	32	24	24
SRP070906	Mouse	0.657	partially_confounded	12	5	7	5	7
SRP070944	Mouse	0.4	partially_confounded	10	5	5	2	8
SRP071333	Mouse	0.164	mildly_imbalanced	21	11	10	15	6
SRP072457	Mouse	0	balanced	8	4	4	4	4
SRP072844	Mouse	0.25	mildly_imbalanced	8	4	4	5	3
SRP072877	Mouse	0.333	partially_confounded	12	6	6	6	6
SRP073042	Mouse	0.6	partially_confounded	10	5	5	5	5
SRP073086	Mouse	0.052	balanced	59	30	29	28	31
SRP073224	Mouse	0.75	partially_confounded	8	4	4	3	5
SRP073495	Mouse	0.2	mildly_imbalanced	10	5	5	5	5
SRP073498	Mouse	0.107	balanced	11	7	4	9	2
SRP073609	Mouse	0	balanced	10	4	6	5	5
SRP074136	Mouse	0.089	balanced	14	9	5	12	2
SRP074146	Mouse	0.4	partially_confounded	22	12	10	15	7
SRP074155	Mouse	0	balanced	12	6	6	6	6
SRP075833	Mouse	0.2	mildly_imbalanced	12	5	7	11	1
SRP075924	Mouse	0.464	partially_confounded	11	4	7	6	5
SRP076021	Mouse	0.167	mildly_imbalanced	12	6	6	1	11
SRP076455	Mouse	0.75	partially_confounded	16	4	12	9	7
SRP076866	Mouse	0.2	mildly_imbalanced	10	5	5	3	7
SRP076940	Mouse	0	balanced	12	6	6	6	6
SRP077095	Mouse	0.25	mildly_imbalanced	9	5	4	8	1
SRP077214	Mouse	0.35	partially_confounded	9	5	4	4	5
SRP078061	Mouse	0.167	mildly_imbalanced	12	6	6	1	11
SRP078062	Mouse	0	balanced	10	5	5	8	2
SRP078250	Mouse	0	balanced	16	8	8	10	6
SRP078270	Mouse	0	balanced	12	6	6	8	4
SRP078380	Mouse	0	balanced	32	16	16	16	16
SRP079900	Mouse	0.049	balanced	34	19	15	10	24
SRP080864	Mouse	0	balanced	12	6	6	6	6
SRP081004	Mouse	0.167	mildly_imbalanced	16	10	6	1	15
SRP081089	Mouse	0.118	balanced	21	4	17	19	2
SRP082219	Mouse	0.069	balanced	17	9	8	7	10
SRP082273	Mouse	0.15	mildly_imbalanced	9	4	5	6	3
SRP082367	Mouse	0	balanced	12	6	6	6	6
SRP082985	Mouse	0.5	partially_confounded	12	6	6	7	5
SRP083850	Mouse	0	balanced	10	5	5	4	6
SRP083914	Mouse	0	balanced	56	28	28	28	28
SRP087434	Mouse	0.111	balanced	18	9	9	7	11
SRP089713	Mouse	0.175	mildly_imbalanced	18	8	10	13	5
SRP089973	Mouse	0.25	mildly_imbalanced	8	4	4	5	3
SRP090141	Mouse	0	balanced	8	4	4	2	6
SRP090360	Mouse	0.3	partially_confounded	16	6	10	3	13
SRP090395	Mouse	0.833	partially_confounded	12	6	6	7	5
SRP090476	Mouse	0.25	mildly_imbalanced	8	4	4	1	7
SRP090477	Mouse	0	balanced	12	6	6	6	6
SRP090770	Mouse	0.1	balanced	9	5	4	5	4
SRP090822	Mouse	0.333	partially_confounded	12	6	6	8	4
SRP090922	Mouse	0.167	mildly_imbalanced	12	6	6	11	1
SRP091722	Mouse	0.143	balanced	19	14	5	17	2
SRP091938	Mouse	0.375	partially_confounded	16	8	8	7	9
SRP092451	Mouse	0.174	mildly_imbalanced	35	12	23	31	4
SRP092532	Mouse	0.111	balanced	13	9	4	12	1
SRP092552	Mouse	0.159	mildly_imbalanced	16	7	9	10	6
SRP092799	Mouse	0	balanced	12	6	6	6	6
SRP093283	Mouse	0.35	partially_confounded	9	4	5	4	5
SRP093288	Mouse	0	balanced	42	21	21	22	20
SRP093302	Mouse	0.3	partially_confounded	15	10	5	9	6
SRP093326	Mouse	1	completely_confounded	10	5	5	5	5
SRP093645	Mouse	0.567	partially_confounded	22	12	10	13	9
SRP093925	Mouse	0.375	partially_confounded	13	8	5	3	10
SRP094057	Mouse	0	balanced	10	5	5	6	4
SRP094656	Mouse	0.25	mildly_imbalanced	8	4	4	7	1
SRP094853	Mouse	0.278	mildly_imbalanced	15	9	6	10	5
SRP094952	Mouse	0.4	partially_confounded	10	5	5	6	4
SRP095064	Mouse	0.111	balanced	18	9	9	9	9
SRP095235	Mouse	0.667	partially_confounded	12	6	6	6	6
SRP095617	Mouse	0.25	mildly_imbalanced	8	4	4	5	3
SRP095855	Mouse	0.286	mildly_imbalanced	15	7	8	13	2
SRP095936	Mouse	0.5	partially_confounded	8	4	4	6	2
SRP096052	Mouse	0.091	balanced	15	11	4	14	1
SRP096113	Mouse	0.1	balanced	9	5	4	4	5
SRP096655	Mouse	0.5	partially_confounded	8	4	4	6	2
SRP096738	Mouse	0.5	partially_confounded	8	4	4	2	6
SRP096963	Mouse	0.167	mildly_imbalanced	11	5	6	10	1
SRP097585	Mouse	0	balanced	12	6	6	6	6
SRP097621	Mouse	0.5	partially_confounded	9	5	4	7	2
SRP098045	Mouse	0.167	mildly_imbalanced	36	12	24	8	28
SRP098205	Mouse	0.25	mildly_imbalanced	8	4	4	3	5
SRP098725	Mouse	0.267	mildly_imbalanced	30	15	15	4	26
SRP098816	Mouse	0	balanced	21	6	15	14	7
SRP098946	Mouse	0.389	partially_confounded	33	27	6	27	6
SRP099194	Mouse	0	balanced	12	6	6	6	6
SRP099234	Mouse	0.357	partially_confounded	15	8	7	10	5
SRP099448	Mouse	0.292	mildly_imbalanced	28	16	12	14	14
SRP099592	Mouse	0	balanced	32	16	16	16	16
SRP099973	Mouse	0.25	mildly_imbalanced	8	4	4	3	5
SRP100466	Mouse	0.117	balanced	63	32	31	20	43
SRP100848	Mouse	1	completely_confounded	8	4	4	4	4
SRP100979	Mouse	0	balanced	12	6	6	8	4
SRP101363	Mouse	0.25	mildly_imbalanced	8	4	4	5	3
SRP101444	Mouse	0	balanced	8	4	4	4	4
SRP101453	Mouse	0	balanced	10	5	5	6	4
SRP101460	Mouse	0	balanced	16	8	8	8	8
SRP101501	Mouse	0.5	partially_confounded	12	6	6	3	9
SRP101577	Mouse	0.2	mildly_imbalanced	10	5	5	7	3
SRP101579	Mouse	0.25	mildly_imbalanced	9	5	4	8	1
SRP101746	Mouse	0.375	partially_confounded	16	8	8	7	9
SRP101878	Mouse	0	balanced	12	6	6	10	2
SRP101985	Mouse	0.018	balanced	15	7	8	13	2
SRP102241	Mouse	0.134	balanced	23	16	7	11	12
SRP102454	Mouse	0.014	balanced	69	35	34	34	35
SRP103117	Mouse	0.25	mildly_imbalanced	8	4	4	7	1
SRP103922	Mouse	0	balanced	8	4	4	4	4
SRP103932	Mouse	0.091	balanced	22	11	11	11	11
SRP104179	Mouse	0.089	balanced	14	9	5	12	2
SRP105166	Mouse	0.129	balanced	17	7	10	6	11
SRP105208	Mouse	1	completely_confounded	8	4	4	4	4
SRP106312	Mouse	0.3	partially_confounded	11	6	5	4	7
SRP106484	Mouse	0	balanced	8	4	4	4	4
SRP106605	Mouse	0.871	partially_confounded	40	31	9	13	27
SRP106863	Mouse	0.25	mildly_imbalanced	12	8	4	8	4
SRP106915	Mouse	0.143	balanced	11	4	7	1	10
SRP107001	Mouse	0.016	balanced	16	9	7	9	7
SRP107211	Mouse	0.25	mildly_imbalanced	8	4	4	7	1
SRP107214	Mouse	0.25	mildly_imbalanced	8	4	4	5	3
SRP107800	Mouse	0.25	mildly_imbalanced	8	4	4	7	1
SRP108079	Mouse	0	balanced	14	7	7	6	8
SRP108489	Mouse	0	balanced	8	4	4	4	4
SRP108495	Mouse	0.1	balanced	20	10	10	9	11
SRP108497	Mouse	0.045	balanced	25	13	12	14	11
SRP108593	Mouse	0.167	mildly_imbalanced	15	6	9	9	6
SRP108622	Mouse	0	balanced	16	8	8	8	8
SRP108766	Mouse	0.071	balanced	15	8	7	7	8
SRP108808	Mouse	0.25	mildly_imbalanced	9	4	5	8	1
SRP109283	Mouse	0.083	balanced	10	4	6	3	7
SRP109807	Mouse	0.2	mildly_imbalanced	10	5	5	7	3
SRP110495	Mouse	0.144	balanced	23	11	12	8	15
SRP110981	Mouse	0.167	mildly_imbalanced	14	6	8	8	6
SRP111204	Mouse	0.3	partially_confounded	13	5	8	5	8
SRP111291	Mouse	0	balanced	8	4	4	4	4
SRP111520	Mouse	0.09	balanced	132	69	63	65	67
SRP111981	Mouse	0	balanced	14	7	7	6	8
SRP112747	Mouse	0.071	balanced	13	7	6	6	7
SRP113528	Mouse	0	balanced	8	4	4	6	2
SRP113541	Mouse	0.2	mildly_imbalanced	10	5	5	3	7
SRP113605	Mouse	0.02	balanced	81	39	42	5	76
SRP113655	Mouse	0.25	mildly_imbalanced	24	12	12	11	13
SRP113777	Mouse	0.063	balanced	32	17	15	16	16
SRP114498	Mouse	0.2	mildly_imbalanced	10	5	5	3	7
SRP114759	Mouse	0	balanced	10	5	5	4	6
SRP114953	Mouse	0.2	mildly_imbalanced	10	5	5	7	3
SRP114994	Mouse	0.03	balanced	55	48	7	30	25
SRP115189	Mouse	0	balanced	30	15	15	28	2
SRP115474	Mouse	0.333	partially_confounded	12	6	6	2	10
SRP115833	Mouse	0.25	mildly_imbalanced	8	4	4	3	5
SRP115984	Mouse	0	balanced	8	4	4	4	4
SRP116137	Mouse	0.029	balanced	35	17	18	18	17
SRP116375	Mouse	0.333	partially_confounded	12	6	6	6	6
SRP116558	Mouse	0.5	partially_confounded	8	4	4	4	4
SRP116898	Mouse	1	completely_confounded	10	5	5	5	5
SRP117060	Mouse	0.25	mildly_imbalanced	9	5	4	8	1
SRP117567	Mouse	0.833	partially_confounded	12	6	6	7	5
SRP117580	Mouse	0.429	partially_confounded	15	7	8	12	3
SRP117703	Mouse	0.5	partially_confounded	11	5	6	3	8
SRP117757	Mouse	0	balanced	8	4	4	6	2
SRP117955	Mouse	0.111	balanced	15	9	6	6	9
SRP117958	Mouse	0.2	mildly_imbalanced	10	5	5	5	5
SRP118141	Mouse	0.689	partially_confounded	19	10	9	9	10
SRP118346	Mouse	0	balanced	16	8	8	8	8
SRP118401	Mouse	0	balanced	16	8	8	8	8
SRP118915	Mouse	0.3	partially_confounded	9	4	5	6	3
SRP119123	Mouse	0.25	mildly_imbalanced	14	10	4	6	8
SRP119667	Mouse	0.286	mildly_imbalanced	12	7	5	10	2
SRP119675	Mouse	0	balanced	12	6	6	6	6
SRP119845	Mouse	0.159	mildly_imbalanced	19	11	8	16	3
SRP119934	Mouse	0.083	balanced	14	8	6	3	11
SRP120038	Mouse	0.071	balanced	15	7	8	8	7
SRP120168	Mouse	0	balanced	8	4	4	4	4
SRP120384	Mouse	1	completely_confounded	13	8	5	8	5
SRP121631	Mouse	0	balanced	20	10	10	10	10
SRP121790	Mouse	0.278	mildly_imbalanced	17	9	8	6	11
SRP123512	Mouse	0	balanced	12	6	6	6	6
SRP123761	Mouse	0.333	partially_confounded	12	6	6	6	6
SRP124300	Mouse	0.6	partially_confounded	11	6	5	3	8
SRP124639	Mouse	0.1	balanced	9	5	4	5	4
SRP124677	Mouse	0.033	balanced	19	15	4	10	9
SRP124835	Mouse	0.25	mildly_imbalanced	9	5	4	8	1
SRP124979	Mouse	0.25	mildly_imbalanced	8	4	4	1	7
SRP125082	Mouse	0.181	mildly_imbalanced	17	8	9	9	8
SRP125225	Mouse	0.083	balanced	24	12	12	13	11
SRP125336	Mouse	0.183	mildly_imbalanced	22	10	12	11	11
SRP125353	Mouse	0.417	partially_confounded	10	6	4	5	5
SRP125665	Mouse	0.571	partially_confounded	11	7	4	4	7
SRP125705	Mouse	0.378	partially_confounded	49	12	37	14	35
SRP125804	Mouse	0.2	mildly_imbalanced	10	5	5	1	9
SRP126161	Mouse	0.1	balanced	9	4	5	5	4
SRP126245	Mouse	0.714	partially_confounded	14	7	7	5	9
SRP126349	Mouse	0	balanced	8	4	4	4	4
SRP126416	Mouse	0.5	partially_confounded	8	4	4	2	6
SRP126545	Mouse	0.125	balanced	14	6	8	6	8
SRP126565	Mouse	0.114	balanced	15	11	4	5	10
SRP126673	Mouse	0.5	partially_confounded	8	4	4	6	2
SRP126777	Mouse	0.25	mildly_imbalanced	8	4	4	3	5
SRP127005	Mouse	0	balanced	10	5	5	4	6
SRP127264	Mouse	0.117	balanced	29	20	9	17	12
SRP127681	Mouse	0.1	balanced	9	5	4	5	4
SRP128068	Mouse	0.2	mildly_imbalanced	10	5	5	7	3
SRP128271	Mouse	0	balanced	20	10	10	10	10
SRP128506	Mouse	0	balanced	12	6	6	6	6
SRP128596	Mouse	0.085	balanced	23	10	13	15	8
SRP128899	Mouse	0.091	balanced	22	11	11	13	9
SRP129020	Mouse	0.038	balanced	52	26	26	29	23
SRP129035	Mouse	0.75	partially_confounded	16	8	8	6	10
SRP131055	Mouse	0.15	mildly_imbalanced	9	5	4	6	3
SRP131118	Mouse	0.2	mildly_imbalanced	10	5	5	5	5
SRP131203	Mouse	0.167	mildly_imbalanced	12	6	6	1	11
SRP131336	Mouse	0	balanced	12	6	6	6	6
SRP131795	Mouse	0.5	partially_confounded	12	8	4	7	5
SRP131850	Mouse	0.119	balanced	13	7	6	10	3
SRP131855	Mouse	0.167	mildly_imbalanced	24	12	12	16	8
SRP131877	Mouse	0.154	mildly_imbalanced	31	18	13	29	2
SRP131916	Mouse	0.5	partially_confounded	12	6	6	5	7
SRP131949	Mouse	0.2	mildly_imbalanced	30	15	15	27	3
SRP132283	Mouse	0.238	mildly_imbalanced	13	6	7	6	7
SRP132471	Mouse	0	balanced	10	5	5	4	6
SRP132851	Mouse	0.5	partially_confounded	9	4	5	2	7
SRP132854	Mouse	0.067	balanced	11	6	5	7	4
SRP132873	Mouse	0.714	partially_confounded	11	4	7	6	5
SRP132932	Mouse	0.071	balanced	11	4	7	5	6
SRP132997	Mouse	0.017	balanced	31	13	18	14	17
SRP133024	Mouse	0.333	partially_confounded	12	6	6	4	8
SRP133158	Mouse	0.286	mildly_imbalanced	14	7	7	2	12
SRP133169	Mouse	0.222	mildly_imbalanced	13	4	9	2	11
SRP133375	Mouse	0.105	balanced	24	13	11	21	3
SRP133512	Mouse	0.25	mildly_imbalanced	8	4	4	5	3
SRP133781	Mouse	0.25	mildly_imbalanced	8	4	4	3	5
SRP134051	Mouse	0.042	balanced	14	6	8	9	5
SRP134375	Mouse	0.205	mildly_imbalanced	15	11	4	9	6
SRP136322	Mouse	0.05	balanced	9	4	5	7	2
SRP136494	Mouse	0	balanced	12	6	6	6	6
SRP136714	Mouse	0	balanced	24	12	12	12	12
SRP136814	Mouse	0.75	partially_confounded	8	4	4	5	3
SRP139542	Mouse	0.121	balanced	20	9	11	8	12
SRP139918	Mouse	0	balanced	18	9	9	10	8
SRP140499	Mouse	0	balanced	12	6	6	6	6
SRP141266	Mouse	0	balanced	16	8	8	8	8
SRP144088	Mouse	0.5	partially_confounded	8	4	4	2	6
SRP144211	Mouse	0.125	balanced	16	8	8	1	15
SRP144690	Mouse	0	balanced	8	4	4	6	2
SRP145067	Mouse	0.012	balanced	27	17	10	16	11
SRP145604	Mouse	0.2	mildly_imbalanced	10	5	5	5	5
SRP145671	Mouse	0.282	mildly_imbalanced	19	13	6	10	9
SRP148418	Mouse	0	balanced	10	5	5	4	6
SRP148491	Mouse	0.071	balanced	31	21	10	17	14
SRP148574	Mouse	0.417	partially_confounded	21	12	9	12	9
SRP149000	Mouse	0.167	mildly_imbalanced	12	6	6	7	5
SRP149072	Mouse	0.171	mildly_imbalanced	12	5	7	6	6
SRP149124	Mouse	0	balanced	12	6	6	8	4
SRP149159	Mouse	0.048	balanced	13	7	6	4	9
SRP149487	Mouse	0.25	mildly_imbalanced	8	4	4	5	3
SRP150004	Mouse	0.857	partially_confounded	11	4	7	5	6
SRP150238	Mouse	0.167	mildly_imbalanced	18	6	12	16	2
SRP150269	Mouse	0.043	balanced	48	25	23	1	47
SRP150310	Mouse	0	balanced	12	6	6	6	6
SRP151097	Mouse	0.095	balanced	13	7	6	5	8
SRP151246	Mouse	0.333	partially_confounded	12	6	6	8	4
SRP151290	Mouse	1	completely_confounded	10	5	5	5	5
SRP151455	Mouse	0.244	mildly_imbalanced	19	10	9	6	13
SRP151536	Mouse	0.056	balanced	15	6	9	12	3
SRP151595	Mouse	0.611	partially_confounded	15	9	6	8	7
SRP151677	Mouse	0.438	partially_confounded	29	14	15	10	19
SRP151888	Mouse	0.171	mildly_imbalanced	12	7	5	6	6
SRP151927	Mouse	0.6	partially_confounded	10	5	5	7	3
SRP153101	Mouse	0	balanced	12	8	4	6	6
SRP153147	Mouse	0.312	partially_confounded	44	12	32	10	34
SRP153200	Mouse	0.038	balanced	25	13	12	12	13
SRP154146	Mouse	0	balanced	58	29	29	28	30
SRP154425	Mouse	0.055	balanced	45	23	22	11	34
SRP154465	Mouse	0.375	partially_confounded	14	8	6	11	3
SRP154838	Mouse	0.195	mildly_imbalanced	25	11	14	20	5
SRP154859	Mouse	0.018	balanced	33	17	16	23	10
SRP154932	Mouse	0.143	balanced	12	5	7	11	1
SRP154934	Mouse	0.375	partially_confounded	15	7	8	12	3
SRP155757	Mouse	0.014	balanced	17	8	9	2	15
SRP155851	Mouse	0	balanced	12	6	6	6	6
SRP155931	Mouse	0.167	mildly_imbalanced	14	8	6	13	1
SRP155943	Mouse	0.222	mildly_imbalanced	18	9	9	2	16
SRP156218	Mouse	0	balanced	8	4	4	6	2
SRP156285	Mouse	0.5	partially_confounded	10	6	4	3	7
SRP156476	Mouse	0	balanced	8	4	4	4	4
SRP156859	Mouse	0.167	mildly_imbalanced	12	6	6	3	9
SRP156888	Mouse	0.167	mildly_imbalanced	12	6	6	5	7
SRP158112	Mouse	0	balanced	8	4	4	4	4
SRP158376	Mouse	0.314	partially_confounded	12	7	5	7	5
SRP158678	Mouse	0.34	partially_confounded	29	25	4	23	6
SRP158761	Mouse	0.727	partially_confounded	17	6	11	9	8
SRP158995	Mouse	0.125	balanced	16	8	8	7	9
SRP159065	Mouse	0.5	partially_confounded	8	4	4	6	2
SRP160439	Mouse	0	balanced	8	4	4	6	2
SRP160883	Mouse	0.4	partially_confounded	15	10	5	4	11
SRP161460	Mouse	0.25	mildly_imbalanced	8	4	4	3	5
SRP161775	Mouse	0.25	mildly_imbalanced	8	4	4	7	1
SRP162305	Mouse	0.171	mildly_imbalanced	12	5	7	6	6
SRP162318	Mouse	0	balanced	10	5	5	6	4
SRP162383	Mouse	0.524	partially_confounded	13	7	6	5	8
SRP162456	Mouse	0.033	balanced	52	30	22	25	27
SRP162527	Mouse	0.071	balanced	15	8	7	7	8
SRP163144	Mouse	0	balanced	24	12	12	12	12
SRP164691	Mouse	0.5	partially_confounded	12	6	6	5	7
SRP165196	Mouse	0	balanced	36	16	20	18	18
SRP165625	Mouse	0.143	balanced	14	7	7	9	5
SRP165738	Mouse	0.2	mildly_imbalanced	10	5	5	9	1
SRP165748	Mouse	0	balanced	8	4	4	4	4
SRP165919	Mouse	0.5	partially_confounded	12	6	6	7	5
SRP166762	Mouse	0.111	balanced	14	5	9	13	1
SRP166996	Mouse	0.35	partially_confounded	9	4	5	4	5
SRP167865	Mouse	0.4	partially_confounded	10	5	5	2	8
SRP167988	Mouse	0	balanced	12	6	6	6	6
SRP168527	Mouse	0	balanced	24	12	12	12	12
SRP168573	Mouse	0.2	mildly_imbalanced	10	5	5	5	5
SRP168748	Mouse	0	balanced	12	6	6	6	6
SRP170677	Mouse	0.033	balanced	29	15	14	15	14
SRP171158	Mouse	0.458	partially_confounded	14	8	6	8	6
SRP172565	Mouse	0.2	mildly_imbalanced	21	6	15	3	18
SRP172733	Mouse	0.091	balanced	44	19	25	37	7
SRP173297	Mouse	0	balanced	24	8	16	12	12
SRP173466	Mouse	0.045	balanced	23	12	11	12	11
SRP173478	Mouse	0	balanced	8	4	4	4	4
SRP173589	Mouse	0	balanced	8	4	4	4	4
SRP173645	Mouse	0.25	mildly_imbalanced	8	4	4	7	1
SRP173675	Mouse	0.5	partially_confounded	24	12	12	14	10
SRP173803	Mouse	0.467	partially_confounded	14	5	9	7	7
SRP173808	Mouse	0.25	mildly_imbalanced	8	4	4	5	3
SRP173935	Mouse	0.15	mildly_imbalanced	9	5	4	3	6
SRP174208	Mouse	0.018	balanced	37	19	18	25	12
SRP174529	Mouse	0.233	mildly_imbalanced	19	10	9	15	4
SRP175109	Mouse	0.067	balanced	11	6	5	7	4
SRP176410	Mouse	0	balanced	8	4	4	2	6
SRP176418	Mouse	0.25	mildly_imbalanced	10	4	6	6	4
SRP178051	Mouse	0.054	balanced	15	7	8	9	6
SRP178267	Mouse	0	balanced	8	4	4	4	4
SRP178890	Mouse	0	balanced	14	7	7	6	8
SRP181206	Mouse	0	balanced	8	4	4	6	2
SRP181809	Mouse	0.196	mildly_imbalanced	45	21	24	24	21
SRP181939	Mouse	0.4	partially_confounded	10	5	5	4	6
SRP182089	Mouse	0	balanced	24	12	12	12	12
SRP182095	Mouse	0.5	partially_confounded	8	4	4	6	2
SRP183456	Mouse	0.15	mildly_imbalanced	9	4	5	3	6
SRP185546	Mouse	0.133	balanced	22	10	12	16	6
SRP185578	Mouse	0.5	partially_confounded	8	4	4	4	4
SRP185583	Mouse	0.423	partially_confounded	31	7	24	19	12
SRP185733	Mouse	0.425	partially_confounded	18	8	10	7	11
SRP185805	Mouse	0.372	partially_confounded	84	27	57	43	41
SRP185884	Mouse	0	balanced	16	8	8	8	8
SRP186066	Mouse	0	balanced	8	4	4	6	2
SRP186132	Mouse	0	balanced	12	6	6	6	6
SRP186214	Mouse	0.25	mildly_imbalanced	16	12	4	13	3
SRP186363	Mouse	0.2	mildly_imbalanced	11	6	5	1	10
SRP186486	Mouse	0.75	partially_confounded	8	4	4	5	3
SRP186988	Mouse	0	balanced	12	6	6	6	6
SRP187855	Mouse	0.154	mildly_imbalanced	46	26	20	19	27
SRP188688	Mouse	0.167	mildly_imbalanced	12	6	6	7	5
SRP188706	Mouse	0	balanced	8	4	4	4	4
SRP188927	Mouse	0.5	partially_confounded	8	4	4	6	2
SRP189379	Mouse	0.5	partially_confounded	8	4	4	6	2
SRP189755	Mouse	0.167	mildly_imbalanced	12	6	6	9	3
SRP189776	Mouse	0	balanced	8	4	4	4	4
SRP190335	Mouse	0.158	mildly_imbalanced	39	23	16	11	28
SRP190928	Mouse	0	balanced	8	4	4	4	4
SRP191039	Mouse	0.15	mildly_imbalanced	9	5	4	6	3
SRP191054	Mouse	0.167	mildly_imbalanced	12	6	6	3	9
SRP191069	Mouse	0.25	mildly_imbalanced	10	6	4	4	6
SRP191419	Mouse	0.027	balanced	21	11	10	15	6
SRP191501	Mouse	0	balanced	10	6	4	5	5
SRP192368	Mouse	0.101	balanced	20	9	11	10	10
SRP192601	Mouse	0.1	balanced	9	5	4	5	4
SRP192735	Mouse	0.205	mildly_imbalanced	31	10	21	5	26
SRP193449	Mouse	0.178	mildly_imbalanced	50	45	5	22	28
SRP193857	Mouse	0.071	balanced	11	4	7	6	5
SRP195618	Mouse	0	balanced	10	5	5	6	4
SRP197374	Mouse	0.2	mildly_imbalanced	10	5	5	7	3
SRP197376	Mouse	0.2	mildly_imbalanced	10	5	5	7	3
SRP198260	Mouse	0.5	partially_confounded	10	4	6	2	8
SRP198299	Mouse	0	balanced	12	6	6	6	6
SRP198351	Mouse	0.25	mildly_imbalanced	8	4	4	3	5
SRP198592	Mouse	0.31	partially_confounded	32	14	18	15	17
SRP199120	Mouse	0	balanced	8	4	4	4	4
SRP199237	Mouse	0.022	balanced	90	45	45	43	47
SRP199374	Mouse	0	balanced	20	10	10	10	10
SRP199441	Mouse	0	balanced	24	12	12	12	12
SRP199583	Mouse	0.339	partially_confounded	15	8	7	8	7
SRP200316	Mouse	0.5	partially_confounded	10	4	6	8	2
SRP200405	Mouse	0.199	mildly_imbalanced	25	13	12	13	12
SRP200569	Mouse	0	balanced	16	8	8	8	8
SRP201011	Mouse	0.024	balanced	27	21	6	13	14
SRP201665	Mouse	0.125	balanced	16	8	8	7	9
SRP201679	Mouse	0.056	balanced	19	10	9	9	10
SRP201969	Mouse	0.528	partially_confounded	17	8	9	9	8
SRP211825	Mouse	0.5	partially_confounded	8	4	4	6	2
SRP211876	Mouse	0.25	mildly_imbalanced	8	4	4	5	3
SRP212107	Mouse	0.071	balanced	15	7	8	8	7
SRP212656	Mouse	0.35	partially_confounded	9	5	4	5	4
SRP212923	Mouse	0.8	partially_confounded	9	5	4	4	5
SRP212932	Mouse	0.1	balanced	9	4	5	4	5
SRP212955	Mouse	0.333	partially_confounded	12	6	6	10	2
SRP213018	Mouse	0.167	mildly_imbalanced	10	6	4	6	4
SRP213838	Mouse	0.095	balanced	13	7	6	5	8
SRP214273	Mouse	0.25	mildly_imbalanced	8	4	4	7	1
SRP214375	Mouse	0	balanced	60	40	20	48	12
SRP215380	Mouse	0	balanced	10	5	5	6	4
SRP215863	Mouse	0.25	mildly_imbalanced	14	4	10	1	13
SRP215922	Mouse	0	balanced	24	12	12	12	12
SRP216020	Mouse	0	balanced	10	5	5	4	6
SRP216037	Mouse	0.091	balanced	22	11	11	11	11
SRP216087	Mouse	0.6	partially_confounded	10	5	5	7	3
SRP217736	Mouse	0.1	balanced	11	6	5	5	6
SRP217849	Mouse	0	balanced	16	8	8	8	8
SRP217860	Mouse	0.8	partially_confounded	9	5	4	5	4
SRP217867	Mouse	0.25	mildly_imbalanced	8	4	4	3	5
SRP217909	Mouse	0	balanced	8	4	4	4	4
SRP218156	Mouse	0.071	balanced	15	8	7	7	8
SRP218250	Mouse	0.114	balanced	23	12	11	7	16
SRP218851	Mouse	0.5	partially_confounded	12	6	6	9	3
SRP219516	Mouse	0.119	balanced	13	6	7	10	3
SRP220131	Mouse	0.333	partially_confounded	10	4	6	8	2
SRP220333	Mouse	0.182	mildly_imbalanced	21	11	10	19	2
SRP220671	Mouse	0.061	balanced	23	12	11	7	16
SRP221637	Mouse	0	balanced	32	16	16	16	16
SRP222321	Mouse	0	balanced	8	4	4	2	6
SRP222765	Mouse	0.208	mildly_imbalanced	17	9	8	4	13
SRP223303	Mouse	0	balanced	8	4	4	4	4
SRP224655	Mouse	0.25	mildly_imbalanced	12	8	4	8	4
SRP225503	Mouse	0.333	partially_confounded	21	12	9	11	10
SRP225660	Mouse	0	balanced	26	13	13	12	14
SRP225812	Mouse	0.25	mildly_imbalanced	8	4	4	5	3
SRP226196	Mouse	0.5	partially_confounded	12	6	6	7	5
SRP227165	Mouse	0.25	mildly_imbalanced	14	6	8	5	9
SRP228964	Mouse	0.25	mildly_imbalanced	22	4	18	12	10
SRP229353	Mouse	0.25	mildly_imbalanced	16	8	8	8	8
SRP229494	Mouse	0	balanced	20	10	10	10	10
SRP229626	Mouse	0.214	mildly_imbalanced	13	6	7	8	5
SRP229965	Mouse	0.133	balanced	19	9	10	14	5
SRP230248	Mouse	0	balanced	16	8	8	8	8
SRP230420	Mouse	0.027	balanced	84	44	40	39	45
SRP230425	Mouse	0.25	mildly_imbalanced	8	4	4	7	1
SRP232913	Mouse	0	balanced	12	6	6	6	6
SRP233206	Mouse	0.3	partially_confounded	9	5	4	6	3
SRP233366	Mouse	0	balanced	12	6	6	6	6
SRP234038	Mouse	0	balanced	48	24	24	24	24
SRP235231	Mouse	0.17	mildly_imbalanced	19	8	11	9	10
SRP237295	Mouse	0.333	partially_confounded	12	6	6	2	10
SRP237364	Mouse	0.2	mildly_imbalanced	10	5	5	5	5
SRP237439	Mouse	0	balanced	12	6	6	10	2
SRP237817	Mouse	0	balanced	12	8	4	6	6
SRP237911	Mouse	0.25	mildly_imbalanced	8	4	4	3	5
SRP238851	Mouse	0.095	balanced	13	6	7	5	8
SRP251172	Mouse	0	balanced	8	4	4	4	4
SRP256038	Mouse	0	balanced	21	7	14	12	9
SRP281844	Mouse	0	balanced	8	4	4	6	2
SRP316599	Mouse	0	balanced	12	6	6	6	6
SRP471095	Mouse	0.045	balanced	17	6	11	9	8
