organism	target_df	variable	n	m	lo	hi
Human	0	Unadjusted	44	0.85829	0.79741	0.883625
Human	0.2	Unadjusted	44	0.82904	0.78908	0.87545
Human	0.4	Unadjusted	44	0.84185	0.802245375	0.88901
Human	0.6	Unadjusted	44	0.83553	0.7926	0.88935
Human	0.8	Unadjusted	44	0.823235	0.78684	0.88942
Mouse	0	Unadjusted	41	0.74616	0.71529	0.85748
Mouse	0.2	Unadjusted	41	0.74467	0.6917	0.83828
Mouse	0.4	Unadjusted	41	0.72627	0.6728	0.82561
Mouse	0.6	Unadjusted	41	0.68907	0.655	0.80213
Mouse	0.8	Unadjusted	41	0.6824	0.63868	0.81612
Human	0	Sex-adjusted	44	0.85821	0.79894	0.883955
Human	0.2	Sex-adjusted	44	0.819155	0.79333075	0.856879125
Human	0.4	Sex-adjusted	44	0.81864	0.773115	0.85638
Human	0.6	Sex-adjusted	44	0.773055	0.713989125	0.80818
Human	0.8	Sex-adjusted	44	0.663545	0.59254	0.75238
Mouse	0	Sex-adjusted	41	0.74594	0.72065	0.85816
Mouse	0.2	Sex-adjusted	41	0.76016	0.69546	0.82949
Mouse	0.4	Sex-adjusted	41	0.70105	0.67622	0.78273
Mouse	0.6	Sex-adjusted	41	0.65832	0.59399	0.72588
Mouse	0.8	Sex-adjusted	41	0.56143	0.49694	0.67772
