organism	cls	margin	n_studies	k_changed	pct_changed	lo	hi	k_reverse	pct_reverse
Human	Balanced	0.1	105	5	4.76190476190476	2.0509165674362	10.6661665832928	18	17.1428571428571
Human	Balanced	0.15	105	3	2.85714285714286	0.976383903870234	8.06562906373156	13	12.3809523809524
Human	Balanced	0.2	105	0	0	0	3.52940769291099	5	4.76190476190476
Human	Balanced	0.3	105	0	0	0	3.52940769291099	3	2.85714285714286
Human	Mild	0.1	59	10	16.9491525423729	9.47583934918105	28.463220736488	4	6.77966101694915
Human	Mild	0.15	59	6	10.1694915254237	4.74479724624047	20.4638136262325	1	1.69491525423729
Human	Mild	0.2	59	3	5.08474576271187	1.74427174729901	13.9165022152769	1	1.69491525423729
Human	Mild	0.3	59	0	0	0	6.11293705267884	0	0
Human	Confounded	0.1	39	22	56.4102564102564	40.9756916486695	70.6952461243104	3	7.69230769230769
Human	Confounded	0.15	39	14	35.8974358974359	22.7420854589929	51.5818514404515	2	5.12820512820513
Human	Confounded	0.2	39	13	33.3333333333333	20.6329561895984	49.022605600654	1	2.56410256410256
Human	Confounded	0.3	39	2	5.12820512820513	1.41779554152741	16.8856400476136	0	0
Mouse	Balanced	0.1	231	35	15.1515151515152	11.1005067298179	20.3426035248639	54	23.3766233766234
Mouse	Balanced	0.15	231	25	10.8225108225108	7.4387046986929	15.4880217366948	43	18.6147186147186
Mouse	Balanced	0.2	231	18	7.79220779220779	4.98552956730259	11.9797281945792	34	14.7186147186147
Mouse	Balanced	0.3	231	9	3.8961038961039	2.06306461657766	7.23744770793932	21	9.09090909090909
Mouse	Mild	0.1	111	32	28.8288288288288	21.2223316049088	37.8516818370637	19	17.1171171171171
Mouse	Mild	0.15	111	24	21.6216216216216	14.9822118988496	30.1595507999645	14	12.6126126126126
Mouse	Mild	0.2	111	15	13.5135135135135	8.36343967669435	21.1045409360667	10	9.00900900900901
Mouse	Mild	0.3	111	6	5.40540540540541	2.50063142600332	11.2935671007046	7	6.30630630630631
Mouse	Confounded	0.1	116	62	53.448275862069	44.406486941837	62.2689992202345	12	10.3448275862069
Mouse	Confounded	0.15	116	51	43.9655172413793	35.270394154844	53.047505061531	8	6.89655172413793
Mouse	Confounded	0.2	116	39	33.6206896551724	25.6715075664012	42.6199331637594	7	6.03448275862069
Mouse	Confounded	0.3	116	29	25	18.0074944442275	33.5952308807544	2	1.72413793103448
