organism	sex_delta	set	n_cells	M0_deg	M1_deg	M0_false_deg	M1_false_deg	M0_false_frac	M1_false_frac	M0_precision	M1_precision	M0_recall	M1_recall	M0_sexgene	M1_sexgene
human	0	complete_ladders	5	2518.8	2555.68	98.1800000000001	101.26	0.0597956134183302	0.0835726181880732	0.94020438658167	0.916427381811927	0.283612822287684	0.2892060198823	0	0.56
human	0.25	complete_ladders	5	3510.54	2927.96	164.44	109.42	0.0471168931398512	0.0269181880782828	0.952883106860149	0.973081811921717	0.354147935274368	0.306295191330761	0.18	0.68
human	0.5	complete_ladders	5	3766.18	2278.58	188.48	58.2999999999998	0.0961439059795307	0.047228281709735	0.903856094020469	0.952771718290265	0.395209288151769	0.266639268657519	2.48	0.5
human	0.75	complete_ladders	5	4160.28	1298.92	252.5	147.74	0.0928633808681504	0.208796475867249	0.90713661913185	0.791203524132751	0.470813975031103	0.148478979376997	7.08	0.52
human	1	complete_ladders	5	4537.66		333.46		0.159404976548025		0.840595023451975		0.525002571353284		9.4	
mouse	0	complete_ladders	7	1449.42857142857	1890.75714285714	49.6428571428572	73.6428571428571	0.130542043246327	0.154912385119509	0.869457956753673	0.845087614880491	0.162744506534985	0.215748813952662	0	0.728571428571429
mouse	0.25	complete_ladders	7	1276.78571428571	1796.7	56.2857142857143	82.7000000000001	0.0414596278917028	0.173104536910144	0.958540372108297	0.826895463089856	0.146610261215375	0.196194558350407	0	0.685714285714286
mouse	0.5	complete_ladders	7	1262.38571428571	1652.95714285714	94	73.0857142857144	0.0980712249770467	0.122673198900877	0.901928775022953	0.877326801099123	0.146391545660588	0.178570871599262	0.1	0.614285714285714
mouse	0.75	complete_ladders	7	1876.48571428571	1414.62857142857	446.7	133.328571428571	0.428795507388669	0.209824701622056	0.571204492611331	0.790175298377944	0.193331370427956	0.156779075501807	0.242857142857143	0.614285714285714
mouse	1	complete_ladders	7	3722.94285714286		1655.97142857143		0.448325053815028		0.551674946184972		0.333008954015609		4.35714285714286	
human	0	all_cells	6	3998.15	4037.65	168.233333333334	172.616666666667	0.0569370532670251	0.0773514993599743	0.943062946732975	0.922648500640026	0.397881203168023	0.40270820381958	0	0.95
human	0.25	all_cells	5	3510.54	2927.96	164.44	109.42	0.0471168931398512	0.0269181880782828	0.952883106860149	0.973081811921717	0.354147935274368	0.306295191330761	0.18	0.68
human	0.5	all_cells	5	3766.18	2278.58	188.48	58.2999999999998	0.0961439059795307	0.047228281709735	0.903856094020469	0.952771718290265	0.395209288151769	0.266639268657519	2.48	0.5
human	0.75	all_cells	5	4160.28	1298.92	252.5	147.74	0.0928633808681504	0.208796475867249	0.90713661913185	0.791203524132751	0.470813975031103	0.148478979376997	7.08	0.52
human	1	all_cells	5	4537.66		333.46		0.159404976548025		0.840595023451975		0.525002571353284		9.4	
mouse	0	all_cells	9	2471.47777777778	2961.07777777778	85.8777777777776	135.077777777778	0.122764751629615	0.150494473455768	0.877235248370385	0.849505526544233	0.269126926997022	0.350409858543547	0	0.966666666666667
mouse	0.25	all_cells	8	1178.8375	1675.0125	65.275	97.2375000000001	0.0726704121356526	0.182909539203558	0.927329587864348	0.817090460796442	0.172753873851411	0.251251390389067	0	0.6375
mouse	0.5	all_cells	7	1262.38571428571	1652.95714285714	94	73.0857142857144	0.0980712249770467	0.122673198900877	0.901928775022953	0.877326801099123	0.146391545660588	0.178570871599262	0.1	0.614285714285714
mouse	0.75	all_cells	7	1876.48571428571	1414.62857142857	446.7	133.328571428571	0.428795507388669	0.209824701622056	0.571204492611331	0.790175298377944	0.193331370427956	0.156779075501807	0.242857142857143	0.614285714285714
mouse	1	all_cells	7	3722.94285714286		1655.97142857143		0.448325053815028		0.551674946184972		0.333008954015609		4.35714285714286	
