organism	cls	n	Unadjusted (real label)	Permuted within groups	Sex-adjusted
Human	"Confounded
≥ 0.3"	39	0.435897435897436	0.307692307692308	0.282051282051282
Human	"Balanced
|Δf| < 0.15"	105	0.0476190476190476	0.0476190476190476	0.561904761904762
Human	"Mild
0.15–0.3"	59	0.186440677966102	0.169491525423729	0.355932203389831
Mouse	"Balanced
|Δf| < 0.15"	233	0.00429184549356223	0.00858369098712446	0.15450643776824
Mouse	"Confounded
≥ 0.3"	120	0.283333333333333	0.141666666666667	0.15
Mouse	"Mild
0.15–0.3"	117	0.0512820512820513	0.0427350427350427	0.145299145299145
