organism	nstr	cls	n_studies	n_median	delta_median	lo	hi
Human	<12	Balanced	4	11	0.1905	-0.0399999999999999	0.562
Human	<12	Mild	3	10	0	-0.085	0.667
Human	<12	Confounded	5	9	-0.299	-0.664	0.003
Human	12-19	Balanced	19	15	0.0469999999999999	0.012	0.167
Human	12-19	Mild	14	14.5	0.0645	-0.024	0.294
Human	12-19	Confounded	16	15.5	-0.2275	-0.405	-0.167
Human	20-39	Balanced	26	27	0.0295	0.001	0.128
Human	20-39	Mild	21	28	-0.0409999999999999	-0.119	-0.0189999999999999
Human	20-39	Confounded	9	31	-0.254	-0.663	-0.141
Human	>=40	Balanced	56	80	0	-0.00550000000000001	0.012
Human	>=40	Mild	21	55	-0.072	-0.12	-0.0429
Human	>=40	Confounded	9	50	-0.187	-0.459	-0.122
Mouse	<12	Balanced	55	8	0.0079999999999999	0	0.0449999999999999
Mouse	<12	Mild	57	8	0.036	0.005	0.0580000000000001
Mouse	<12	Confounded	50	9	-0.115	-0.3335	0
Mouse	12-19	Balanced	85	14	0.016	0	0.0579999999999999
Mouse	12-19	Mild	40	14	0	-0.0430375	0.0235
Mouse	12-19	Confounded	54	13	-0.169	-0.305	-0.0915
Mouse	20-39	Balanced	61	24	0.00800000000000001	-0.004	0.0479999999999999
Mouse	20-39	Mild	17	25	-0.267	-0.448	-0.101
Mouse	20-39	Confounded	12	25	-0.257	-0.533	-0.098
Mouse	>=40	Balanced	32	53.5	-5e-04	-0.011	0.027
Mouse	>=40	Mild	3	46	0.012	-0.0950000000000001	0.072
Mouse	>=40	Confounded	4	46.5	-0.5885	-0.856	-0.075
