organism	cls	series	n	median	q1	q3	whisker_low	whisker_high	err_minus	err_plus
Human	"Balanced
|Δf| < 0.15"	Real sex	105	0.937	0.852	0.972	0.672	1	0.0850000000000001	0.0349999999999999
Human	"Balanced
|Δf| < 0.15"	"Permuted across groups
(df cost)"	105	0.916	0.776	0.97	0.485	1	0.14	0.0539999999999999
Human	"Balanced
|Δf| < 0.15"	"Permuted within groups
(df + collinearity cost)"	105	0.942	0.866	0.979	0.6965	1	0.076	0.037
Human	"Confounded
≥ 0.3"	Real sex	39	0.411	0.1745	0.6605	0	0.886	0.2365	0.2495
Human	"Confounded
≥ 0.3"	"Permuted across groups
(df cost)"	39	0.827	0.649	0.902	0.2695	1	0.178	0.0750000000000001
Human	"Confounded
≥ 0.3"	"Permuted within groups
(df + collinearity cost)"	39	0.494	0.1105	0.7065	0	0.882	0.3835	0.2125
Human	"Mild
0.15–0.3"	Real sex	59	0.833	0.677	0.9	0.3425	1	0.156	0.0670000000000001
Human	"Mild
0.15–0.3"	"Permuted across groups
(df cost)"	59	0.871	0.728	0.9545	0.38825	1	0.143	0.0834999999999999
Human	"Mild
0.15–0.3"	"Permuted within groups
(df + collinearity cost)"	59	0.843	0.6995	0.911	0.38225	1	0.1435	0.0680000000000001
Mouse	"Balanced
|Δf| < 0.15"	Real sex	233	0.833	0.653	0.927	0.242	1	0.18	0.0940000000000001
Mouse	"Balanced
|Δf| < 0.15"	"Permuted across groups
(df cost)"	233	0.814	0.621	0.911	0.186	1	0.193	0.0970000000000001
Mouse	"Balanced
|Δf| < 0.15"	"Permuted within groups
(df + collinearity cost)"	233	0.884	0.75	0.955	0.4425	1	0.134	0.071
Mouse	"Confounded
≥ 0.3"	Real sex	120	0.3935	0.1745	0.70125	0	1	0.219	0.30775
Mouse	"Confounded
≥ 0.3"	"Permuted across groups
(df cost)"	120	0.751	0.45425	0.89875	0	1	0.29675	0.14775
Mouse	"Confounded
≥ 0.3"	"Permuted within groups
(df + collinearity cost)"	120	0.5055	0.174	0.70025	0	1	0.3315	0.19475
Mouse	"Mild
0.15–0.3"	Real sex	117	0.667	0.465	0.812	0	1	0.202	0.145
Mouse	"Mild
0.15–0.3"	"Permuted across groups
(df cost)"	117	0.669	0.466	0.83	0	1	0.203	0.161
Mouse	"Mild
0.15–0.3"	"Permuted within groups
(df + collinearity cost)"	117	0.712	0.516	0.827	0.0495000000000001	1	0.196	0.115
