organism	bin	m_vs. permuted across groups	m_vs. permuted within groups	err_minus_vs. permuted across groups	err_minus_vs. permuted within groups	err_plus_vs. permuted across groups	err_plus_vs. permuted within groups
Human	0.1–0.2	-0.022	-0.00700000000000001	0.0115	0.00799999999999989	0.022	0.00800000000000001
Human	0.2–0.3	-0.0435	-0.0045	0.0745	0.0164999999999999	0.0160000000000001	0.0125
Human	0.3–0.4	-0.194	-0.023	0.065	0.101	0.05	0.027
Human	0.4–0.5	-0.184	-0.017	0.156	0.057	0.184	0.092
Human	0.5–0.7	-0.383	-0.00799999999999998	0.17	0.0409999999999999	0.196	0.019
Human	0.7–1	-0.6485	-0.0705				
Human	0–0.1	0.0155	-0.0025	0.0125	0.00450000000000001	0.0135	0.0025
Mouse	0.1–0.2	0.012	0	0.016	0.005	0.03	0
Mouse	0.2–0.3	0	0	0.00800000000000001	0.00650000000000001	0.031	0
Mouse	0.3–0.4	-0.096	0	0.126	0.018	0.096	0.016
Mouse	0.4–0.5	-0.1255	0	0.1065	0.00600000000000001	0.1255	0
Mouse	0.5–0.7	-0.407	0	0.145	0.098	0.243	0.074
Mouse	0.7–1	-0.486	0	0.0750000000000001	0.0535	0.076	0.025
Mouse	0–0.1	0.00700000000000001	-0.00700000000000001	0.00700000000000001	0.01	0.011	0.00700000000000001
