organism	target_df	m_vs. permuted across groups	m_vs. permuted within groups	err_minus_vs. permuted across groups	err_minus_vs. permuted within groups	err_plus_vs. permuted across groups	err_plus_vs. permuted within groups
Human	0	0.0912086288360759	-0.00103969558583235	0.0233940931060774	0.00594011529973641	0.0365815288885451	0.00631860557404895
Human	0.2	-0.0221940571870698	0	0.0681824076280478	0.00992391190725052	0.0520157394715064	0.0124056497049454
Human	0.4	-0.190707028514136	-0.00431769109241299	0.074782369090458	0.0347902091787019	0.020301087406327	0.0118011988819406
Human	0.6	-0.45974471087665	-0.0182280481663222	0.040507135541231	0.0372309732125363	0.06895805190018	0.0182280481663222
Human	0.8	-0.640604684208482	-0.0171385157718398	0.0787088512832339	0.0230879951692981	0.113744320368852	0.0171385157718398
Mouse	0	0.0809190867763953	-0.012476416321269	0.0333872117946667	0.0271158967232885	0.0340956367845937	0.00696859076258268
Mouse	0.2	-0.0315304488153571	-0.00314687615196336	0.0107643135147963	0.0164251313078986	0.0315304488153571	0.00559790378221667
Mouse	0.4	-0.236111111111111	-0.0275704143872468	0.065935033662923	0.0200927985386415	0.047799374869334	0.0267388543454693
Mouse	0.6	-0.369710100954193	-0.0333333333333333	0.047488942600926	0.0226498263462695	0.057459395962871	0.0165893451346004
Mouse	0.8	-0.560115030181387	-0.0184477455318492	0.155852603040332	0.0393402729013305	0.099525995872467	0.0129669142422903
