organism	cls	n	Real sex	Permuted within groups	Permuted across groups	Real sex_pct	Permuted within groups_pct	Permuted across groups_pct
Human	"Balanced
|Δf| < 0.15"	105	0.104761904761905	0.0761904761904762	0.114285714285714	10.5	7.6	11.4
Human	"Mild
0.15–0.3"	59	0.101694915254237	0.135593220338983	0.135593220338983	10.2	13.6	13.6
Human	"Confounded
≥ 0.3"	39	0.358974358974359	0.282051282051282	0.153846153846154	35.9	28.2	15.4
Mouse	"Balanced
|Δf| < 0.15"	228	0.144736842105263	0.0964912280701754	0.192982456140351	14.5	9.6	19.3
Mouse	"Mild
0.15–0.3"	110	0.209090909090909	0.172727272727273	0.163636363636364	20.9	17.3	16.4
Mouse	"Confounded
≥ 0.3"	116	0.344827586206897	0.28448275862069	0.155172413793103	34.5	28.4	15.5
