organism	cls	n	Unadjusted	Permuted within groups	Unadjusted_pct	Permuted within groups_pct
Human	"Confounded
≥ 0.3"	39	0.435897435897436	0.307692307692308	43.6	30.8
Human	"Balanced
|Δf| < 0.15"	105	0.0476190476190476	0.0476190476190476	4.8	4.8
Human	"Mild
0.15–0.3"	59	0.186440677966102	0.169491525423729	18.6	16.9
Mouse	"Balanced
|Δf| < 0.15"	233	0.00429184549356223	0.00858369098712446	0.4	0.9
Mouse	"Confounded
≥ 0.3"	120	0.283333333333333	0.141666666666667	28.3	14.2
Mouse	"Mild
0.15–0.3"	117	0.0512820512820513	0.0427350427350427	5.1	4.3
