tag	b	n_de	J	J_noxy	t_sp	n_lost	n_gained	xy_lost	xy_gained	lfc_shift	xy_share_shift	PJ	top1_same	study	organism
within	1	40	0.666666666666667	0.655172413793103	0.969240961059429	20	0	0		0.166995747705189	0.0454619265291537			SRP128068	mouse
across	1	43	0.661290322580645	0.666666666666667	0.956306648779588	19	2	0.0526315789473684	0	0.18616369179453	0.0306760644022741			SRP128068	mouse
within	2	38	0.633333333333333	0.637931034482759	0.971107707572133	22	0	0.0454545454545455		0.157982809962464	0.0346635447649237			SRP128068	mouse
across	2	47	0.725806451612903	0.733333333333333	0.960141178507735	15	2	0.0666666666666667	0	0.169425638729101	0.0245349670186473			SRP128068	mouse
within	3	43	0.634920634920635	0.639344262295082	0.965391231924597	20	3	0.05	0	0.183583291657863	0.0243991210295702	0		SRP128068	mouse
across	3	8	0.133333333333333	0.137931034482759	0.782268567156481	52	0	0.0384615384615385		0.779565103695921	0.0298441449865727	0		SRP128068	mouse
within	4	44	0.650793650793651	0.655737704918033	0.971303172585468	19	3	0.0526315789473684	0	0.1605467347615	0.0250418133382551			SRP128068	mouse
across	4	46	0.630769230769231	0.634920634920635	0.962945533289728	19	5	0.0526315789473684	0	0.175261363778412	0.0247916352337086			SRP128068	mouse
within	5	41	0.629032258064516	0.633333333333333	0.967584824016255	21	2	0.0476190476190476	0	0.162700450897453	0.033436901797662			SRP128068	mouse
across	5	43	0.661290322580645	0.666666666666667	0.956306648779588	19	2	0.0526315789473684	0	0.18616369179453	0.0306760644022741			SRP128068	mouse
within	6	43	0.661290322580645	0.65	0.969080724655619	19	2	0	0	0.164801504638913	0.0711682540851023			SRP128068	mouse
across	6	46	0.630769230769231	0.619047619047619	0.965334023815322	19	5	0	0	0.182935360756667	0.0255063576657161			SRP128068	mouse
within	7	43	0.609375	0.612903225806452	0.971140748447075	21	4	0.0476190476190476	0	0.160549528445372	0.0207085755667785			SRP128068	mouse
across	7	45	0.721311475409836	0.728813559322034	0.965638116003051	16	1	0.0625	0	0.177759821534222	0.0319360364291901			SRP128068	mouse
within	8	46	0.630769230769231	0.619047619047619	0.965334023815322	19	5	0	0	0.182935360756667	0.0255063576657161			SRP128068	mouse
across	8	38	0.633333333333333	0.620689655172414	0.967210188792322	22	0	0		0.18396469305477	0.0313782159560428			SRP128068	mouse
within	9	42	0.645161290322581	0.65	0.965267780091637	20	2	0.05	0	0.171923945629629	0.0235792796602072			SRP128068	mouse
across	9	49	0.703125	0.693548387096774	0.959547984977898	15	4	0	0	0.178893494742607	0.0385668634406356	0		SRP128068	mouse
within	10	56	0.657142857142857	0.661764705882353	0.966832017717458	14	10	0.0714285714285714	0	0.172416298088439	0.0290502450079799			SRP128068	mouse
across	10	44	0.650793650793651	0.639344262295082	0.968376874242136	19	3	0	0	0.171284825309214	0.0310780811425939			SRP128068	mouse
