organism	target_df	m_Unadjusted	m_Sex-adjusted	err_minus_Unadjusted	err_minus_Sex-adjusted	err_plus_Unadjusted	err_plus_Sex-adjusted
Human	0	0.64458	0.64561	0.0676654999999998	0.068094625	0.08155	0.08197
Human	0.2	0.659665	0.65042	0.0860749999999999	0.07384	0.053675	0.05494
Human	0.4	0.648345	0.62346	0.0778169999999999	0.0699300000000001	0.0911200000000001	0.086025
Human	0.6	0.663775	0.61466	0.095255	0.092	0.076935	0.0752349999999999
Human	0.8	0.682455	0.548435	0.11236	0.107465	0.05031	0.08541
Mouse	0	0.29659	0.29984	0.10175	0.10115	0.26485	0.26126
Mouse	0.2	0.3165	0.34186	0.15807	0.15614	0.25943	0.24432
Mouse	0.4	0.33866	0.31712	0.18958	0.15878	0.18249	0.21098
Mouse	0.6	0.255225	0.30281	0.076415	0.12466	0.146875	0.16641
Mouse	0.8	0.24663	0.26372	0.10394	0.19703	0.31398	0.19049
