study	organism	target_df	model	n_ref_de	bias2	variance	mse	signed_bias	rmse_per_draw
SRP070770	mouse	0	M0	3	0.000208123923618785	0.00636108506345927	0.00656920898707806	-0.00426201071124151	0.0736236486072777
SRP070770	mouse	0	M1	3	0.000226772061619585	0.0064655754663876	0.00669234752800718	-0.00314638784868649	0.0741433580579266
SRP070770	mouse	0.2	M0	3	0.000328616266119859	0.00899383871520366	0.00932245498132352	0.00295960392249411	0.0828237095765168
SRP070770	mouse	0.2	M1	3	0.000408303393214871	0.00939538679163183	0.0098036901848467	-0.0136910172401728	0.085353268282844
SRP070770	mouse	0.4	M0	3	0.00444785975577606	0.00871025360481688	0.0131581133605929	0.0509176647177684	0.093864036812404
SRP070770	mouse	0.4	M1	3	0.000323898980357556	0.00969316298130185	0.0100170619616594	-0.000680425384228689	0.0838084928894346
SRP070770	mouse	0.6	M0	3	0.0185846902662574	0.00430897161952423	0.0228936618857816	0.09640849712825	0.145794099586048
SRP070770	mouse	0.6	M1	3	0.00194916050801951	0.0117071813011838	0.0136563418092033	0.0328086952588987	0.105899665105978
SRP070770	mouse	0.8	M0	3	0.0122931864945237	0.0061830942111286	0.0184762807056523	0.0851730853824549	0.12531449061844
SRP070770	mouse	0.8	M1	3	0.00174836176419274	0.0174599343895359	0.0192082961537286	-0.00878474573728769	0.124831667788249
