study	organism	m_per_arm	target_df	realized_df	rep	n_ref_de	ref_share	n_comp	df_comp	n_compbal	J_M1	J_M0perm	J_M0permw	t_sp_M0_M1	J_M0_vs_balanced	J_M1_vs_balanced	M0_n_de	M0_precision	M0_recall	M0_t_sp_ref	M0_top100_ref	M0_sexgene_de	M1_n_de	M1_precision	M1_recall	M1_t_sp_ref	M1_top100_ref	M1_sexgene_de	M0_precision_C	M0_recall_C	M0_t_sp_C	M0_n_refC_de	M0_top100_C	M1_precision_C	M1_recall_C	M1_t_sp_C	M1_n_refC_de	M1_top100_C
SRP162456	mouse	11	0	0	1	2	0.000153139356814701	30	0.0334928229665072	26	0.5	0.5	0.333333333333333	0.987			6	0	0	0.6783	0.24	0	9	0	0	0.6755	0.23	0	0.166666666666667	0.2	0.0318	5	0.05	0.222222222222222	0.4	0.0299	5	0.05
SRP162456	mouse	11	0	0	2	2	0.000153139356814701	30	0.0334928229665072	26	0.714285714285714	0.833333333333333	0.4	0.9855			5	0.2	0.5	0.5854	0.14	0	7	0.142857142857143	0.5	0.5832	0.13	0	0	0	-0.0248	13	0.02	0.142857142857143	0.0769230769230769	-0.0271	13	0.02
SRP162456	mouse	11	0	0	3	2	0.000153139356814701	30	0.0334928229665072	26	0.5	0.166666666666667	0	0.985			3	0	0	0.6603	0.23	0	3	0	0	0.6557	0.21	0	0.666666666666667	0.142857142857143	0.0282	14	0.06	0.666666666666667	0.142857142857143	0.0235	14	0.05
SRP162456	mouse	11	0	0	4	2	0.000153139356814701	30	0.0334928229665072	26	0.5	0.333333333333333	0.75	0.9882			4	0.25	0.5	0.6648	0.24	0	5	0.2	0.5	0.6635	0.24	0	0	0	0.0483	3	0.02	0	0	0.0486	3	0.02
SRP162456	mouse	11	0	0	5	2	0.000153139356814701	30	0.0334928229665072	26	0	0.3	0.625	0.9836			7	0	0	0.6808	0.24	0	0		0	0.6771	0.24	0	0	0	0.0646	2	0.02		0	0.0622	2	0.02
SRP162456	mouse	11	0	0	6	2	0.000153139356814701	30	0.0334928229665072	26	0.25	0.25	0.444444444444444	0.9878			4	0	0	0.6281	0.16	0	1	0	0	0.6288	0.17	0	0	0	-0.0171	4	0	0	0	-0.0159	4	0.01
SRP162456	mouse	11	0	0	7	2	0.000153139356814701	30	0.0334928229665072	26	0.75	0.6	0.222222222222222	0.9857			3	0	0	0.6453	0.15	0	4	0	0	0.6412	0.14	0	0.333333333333333	0.2	0.0215	5	0.02	0.25	0.2	0.0194	5	0.02
SRP162456	mouse	11	0	0	8	2	0.000153139356814701	30	0.0334928229665072	26	0	0.5	0	0.9874			4	0	0	0.6534	0.21	0	0		0	0.6499	0.17	0	0.25	0.142857142857143	0.0553	7	0.08		0	0.0518	7	0.06
SRP162456	mouse	11	0	0	9	2	0.000153139356814701	30	0.0334928229665072	26	0.833333333333333	0.466666666666667	0.909090909090909	0.9867			11	0.0909090909090909	0.5	0.6821	0.32	0	11	0	0	0.6819	0.3	0	0		0.0361	0	0.05	0		0.038	0	0.03
SRP162456	mouse	11	0	0	10	2	0.000153139356814701	30	0.0334928229665072	26	0.666666666666667	0.5	0.666666666666667	0.9898			2	0	0	0.667	0.21	0	3	0	0	0.666	0.22	0	0	0	0.0359	2	0.01	0	0	0.0337	2	0.01
SRP162456	mouse	11	0.2	0.272727272727273	1	2	0.000153139356814701	30	0.267942583732057	22	0.5	0.4	0.25	0.9434	0	0	3	0	0	0.655	0.16	0	3	0	0	0.6172	0.13	0	0.333333333333333	0.0909090909090909	0.0253	11	0.02	0	0	0.0166	11	0
SRP162456	mouse	11	0.2	0.272727272727273	2	2	0.000153139356814701	30	0.267942583732057	22	1	1	1	0.9452	0.125	0.125	2	0	0	0.629	0.15	0	2	0	0	0.5892	0.13	0	0.5	0.25	0.0085	4	0.03	0.5	0.25	-2e-04	4	0.04
SRP162456	mouse	11	0.2	0.272727272727273	3	2	0.000153139356814701	30	0.267942583732057	22	0.625	0.5	0.545454545454545	0.9419	0.285714285714286	0.25	6	0	0	0.6474	0.23	0	7	0.142857142857143	0.5	0.6084	0.19	0	0.166666666666667	0.333333333333333	0.0215	3	0.06	0.285714285714286	0.666666666666667	0.0213	3	0.07
SRP162456	mouse	11	0.2	0.272727272727273	4	2	0.000153139356814701	30	0.267942583732057	22	0.25	0.6	0.285714285714286	0.9349	0.111111111111111	0	5	0	0	0.6449	0.15	0	5	0	0	0.6023	0.14	0	0	0	0.0299	10	0.03	0	0	0.0228	10	0.02
SRP162456	mouse	11	0.2	0.272727272727273	5	2	0.000153139356814701	30	0.267942583732057	22	0	0	0	0.9458		0	0		0	0.6562	0.18	0	1	0	0	0.6205	0.19	0		0	0.0455	3	0.03	0	0	0.0413	3	0.04
SRP162456	mouse	11	0.2	0.272727272727273	6	2	0.000153139356814701	30	0.267942583732057	22	0.75	0.5	0.2	0.9501	0	0	4	0.25	0.5	0.6746	0.18	0	3	0.333333333333333	0.5	0.6437	0.2	0	0	0	0.0179	8	0.01	0	0	0.0156	8	0.02
SRP162456	mouse	11	0.2	0.272727272727273	7	2	0.000153139356814701	30	0.267942583732057	22	0.2	0.5	0.181818181818182	0.9498	0	0	4	0	0	0.6584	0.21	0	2	0	0	0.6255	0.16	0	0	0	0.044	3	0.02	0	0	0.0427	3	0.02
SRP162456	mouse	11	0.2	0.272727272727273	8	2	0.000153139356814701	30	0.267942583732057	22	0.375	0.25	0.2	0.9474	0	0	3	0	0	0.6343	0.18	0	8	0.125	0.5	0.5988	0.19	0	0.666666666666667	0.25	0.048	8	0.03	0.375	0.375	0.0409	8	0.04
SRP162456	mouse	11	0.2	0.272727272727273	9	2	0.000153139356814701	30	0.267942583732057	22	0.384615384615385	0.6	0.153846153846154	0.9481	0.117647058823529	0.05	8	0	0	0.6769	0.16	0	10	0	0	0.6349	0.13	0	0	0	0.0219	4	0.05	0	0	0.0074	4	0.06
SRP162456	mouse	11	0.2	0.272727272727273	10	2	0.000153139356814701	30	0.267942583732057	22	0.461538461538462	0.555555555555556	0.4	0.9504	0.125	0.142857142857143	6	0	0	0.6645	0.26	0	13	0.0769230769230769	0.5	0.6256	0.23	0	0.166666666666667	1	0.03	1	0.02	0.0769230769230769	1	0.023	1	0.04
SRP162456	mouse	11	0.4	0.454545454545455	1	2	0.000153139356814701	30	0.411483253588517	18	0.333333333333333	0.142857142857143	0.625	0.8698	0.4	0.230769230769231	5	0	0	0.6434	0.2	0	7	0.142857142857143	0.5	0.5518	0.16	0	0	0	0.0282	1	0.01	0	0	0.022	1	0.01
SRP162456	mouse	11	0.4	0.454545454545455	2	2	0.000153139356814701	30	0.411483253588517	18	0.285714285714286	0	0	0.872	0	0.0769230769230769	2	0	0	0.6895	0.24	0	7	0	0	0.6041	0.14	0	0	0	0.0372	3	0	0	0	0.0428	3	0
SRP162456	mouse	11	0.4	0.454545454545455	3	2	0.000153139356814701	30	0.411483253588517	18	0.25	0.285714285714286	0.2	0.8693	0	0	4	0.25	0.5	0.6571	0.21	0	1	0	0	0.5497	0.15	0	0	0	0.0643	14	0.02	0	0	0.0367	14	0.03
SRP162456	mouse	11	0.4	0.454545454545455	4	2	0.000153139356814701	30	0.411483253588517	18	0	0.5	0	0.8637	0.142857142857143	0	3	0.333333333333333	0.5	0.6434	0.19	0	4	0	0	0.5442	0.15	0	0		0.0774	0	0.01	0		0.0734	0	0.03
SRP162456	mouse	11	0.4	0.454545454545455	5	2	0.000153139356814701	30	0.411483253588517	18	0.24	0.2	0.181818181818182	0.8764	0	0	9	0.111111111111111	0.5	0.6517	0.23	0	22	0.0454545454545455	0.5	0.576	0.22	0	0.333333333333333	0.333333333333333	0.0024	9	0.06	0.0909090909090909	0.222222222222222	0.0105	9	0.06
SRP162456	mouse	11	0.4	0.454545454545455	6	2	0.000153139356814701	30	0.411483253588517	18	0	0	0	0.8599	0.2	0	5	0.2	0.5	0.6638	0.19	0	1	0	0	0.5705	0.14	0	0.4	0.0909090909090909	0.029	22	0.03	1	0.0454545454545455	0.0363	22	0.04
SRP162456	mouse	11	0.4	0.454545454545455	7	2	0.000153139356814701	30	0.411483253588517	18	0.5	0.7	0.583333333333333	0.8713	0.0909090909090909	0	8	0	0	0.6658	0.15	0	7	0.142857142857143	0.5	0.5692	0.13	0	0	0	0.0482	3	0.01	0	0	0.0616	3	0
SRP162456	mouse	11	0.4	0.454545454545455	8	2	0.000153139356814701	30	0.411483253588517	18	0.3125	0.666666666666667	0.391304347826087	0.8793	0	0	14	0.0714285714285714	0.5	0.6677	0.33	0	28	0	0	0.5844	0.23	0	0.0714285714285714	0.333333333333333	0.0127	3	0.06	0.0714285714285714	0.666666666666667	0.0204	3	0.05
SRP162456	mouse	11	0.4	0.454545454545455	9	2	0.000153139356814701	30	0.411483253588517	18	0.571428571428571	0.5	0.3	0.8775	0.333333333333333	0.307692307692308	5	0.2	0.5	0.6355	0.22	0	6	0	0	0.5467	0.2	0	0.4	1	0.0064	2	0.04	0.333333333333333	1	0.0043	2	0.05
SRP162456	mouse	11	0.4	0.454545454545455	10	2	0.000153139356814701	30	0.411483253588517	18	0.555555555555556	0.555555555555556	0.3	0.8754	0.0909090909090909	0	9	0	0	0.6667	0.2	0	5	0	0	0.5701	0.17	0	0.555555555555556	0.454545454545455	0.045	11	0.08	0.6	0.272727272727273	0.0432	11	0.08
SRP162456	mouse	11	0.6	0.636363636363636	1	2	0.000153139356814701	30	0.555023923444976	14	0.125	0.333333333333333	0.0769230769230769	0.7483	0.111111111111111	0.133333333333333	1	0	0	0.6661	0.23	0	8	0.125	0.5	0.4951	0.12	0	0	0	0.044	5	0	0	0	0.0606	5	0.01
SRP162456	mouse	11	0.6	0.636363636363636	2	2	0.000153139356814701	30	0.555023923444976	14	0.133333333333333	0.666666666666667	0	0.7541	0.111111111111111	0.05	3	0.333333333333333	0.5	0.6386	0.14	0	14	0	0	0.4755	0.11	0	0	0	0.0306	20	0.02	0.142857142857143	0.1	0.0193	20	0.05
SRP162456	mouse	11	0.6	0.636363636363636	3	2	0.000153139356814701	30	0.555023923444976	14	0.105263157894737	0	0.0384615384615385	0.7441	0	0	4	0	0	0.6481	0.17	0	17	0	0	0.4894	0.13	0	0.5	0.117647058823529	0.0599	17	0.03	0.0588235294117647	0.0588235294117647	0.0689	17	0.03
SRP162456	mouse	11	0.6	0.636363636363636	4	2	0.000153139356814701	30	0.555023923444976	14	0	0.5	0.333333333333333	0.7618	0	0.037037037037037	2	0.5	0.5	0.6484	0.26	0	23	0	0	0.4886	0.16	0	0	0	0.0218	16	0.05	0	0	-0.0016	16	0.02
SRP162456	mouse	11	0.6	0.636363636363636	5	2	0.000153139356814701	30	0.555023923444976	14	0.119565217391304	0.08	0.148936170212766	0.7522	0	0	17	0.0588235294117647	0.5	0.6422	0.24	0	86	0	0	0.4721	0.17	0	0.117647058823529	0.125	-0.0024	16	0.02	0.0232558139534884	0.125	-0.0074	16	0.04
SRP162456	mouse	11	0.6	0.636363636363636	6	2	0.000153139356814701	30	0.555023923444976	14	0	0.5	0	0.7508	0	0	2	0	0	0.6468	0.17	0	4	0	0	0.488	0.1	0	0.5	0.0625	0.0145	16	0.01	0	0	0.0072	16	0.03
SRP162456	mouse	11	0.6	0.636363636363636	7	2	0.000153139356814701	30	0.555023923444976	14	0.263157894736842	0.333333333333333	0.153846153846154	0.7403	0	0	9	0	0	0.6414	0.21	1	15	0	0	0.4866	0.1	0	0.111111111111111	0.04	0.0075	25	0.04	0.0666666666666667	0.04	0.0132	25	0.03
SRP162456	mouse	11	0.6	0.636363636363636	8	2	0.000153139356814701	30	0.555023923444976	14	0.0681818181818182	0.428571428571429	0	0.7556	0	0	5	0	0	0.6737	0.28	0	42	0.0238095238095238	0.5	0.5074	0.25	0	0.2	0.125	0.0587	8	0.05	0	0	0.0705	8	0.03
SRP162456	mouse	11	0.6	0.636363636363636	9	2	0.000153139356814701	30	0.555023923444976	14	0.181818181818182	0.555555555555556	0.0303030303030303	0.7558	0.266666666666667	0.0666666666666667	8	0.125	0.5	0.6578	0.17	0	5	0.2	0.5	0.4843	0.15	0	0.375	0.0476190476190476	0.0101	63	0.04	0	0	-0.005	63	0.03
SRP162456	mouse	11	0.6	0.636363636363636	10	2	0.000153139356814701	30	0.555023923444976	14	0.0666666666666667	0.5	0.222222222222222	0.7593	0	0	2	0	0	0.6628	0.18	0	14	0	0	0.499	0.07	0	0.5	0.0476190476190476	0.0313	21	0.04	0	0	0.0235	21	0.04
SRP162456	mouse	11	0.8	0.818181818181818	1	2	0.000153139356814701	30	0.698564593301435	10	0.00740740740740741	0.222222222222222	0	0.5452	0.0833333333333333	0.00714285714285714	4	0	0	0.6459	0.23	0	132	0	0	0.317	0.1	0										
SRP162456	mouse	11	0.8	0.818181818181818	2	2	0.000153139356814701	30	0.698564593301435	10	0.0108695652173913	0	0.111111111111111	0.5514	0	0.03125	1	0	0	0.6612	0.24	0	92	0	0	0.3535	0.07	0										
SRP162456	mouse	11	0.8	0.818181818181818	3	2	0.000153139356814701	30	0.698564593301435	10	0.0540540540540541	0.166666666666667	0.00341296928327645	0.5471	0.4	0.027027027027027	4	0	0	0.6529	0.23	1	35	0	0	0.3211	0.04	0										
SRP162456	mouse	11	0.8	0.818181818181818	4	2	0.000153139356814701	30	0.698564593301435	10	0	0.25	0	0.5724	0	0	2	0.5	0.5	0.6651	0.23	0	0		0	0.3713	0.09	0										
SRP162456	mouse	11	0.8	0.818181818181818	5	2	0.000153139356814701	30	0.698564593301435	10	0.00129198966408269	0	0.00210526315789474	0.5584	0	0	1	0	0	0.6644	0.27	0	774	0	0	0.3519	0.08	0										
SRP162456	mouse	11	0.8	0.818181818181818	6	2	0.000153139356814701	30	0.698564593301435	10	0.00211864406779661	0	0.00543478260869565	0.5694	0.5	0	2	0.5	0.5	0.6647	0.25	0	471	0.00212314225053079	0.5	0.3593	0.03	0										
SRP162456	mouse	11	0.8	0.818181818181818	7	2	0.000153139356814701	30	0.698564593301435	10	0	1	0.03125	0.5536	0	0	1	0	0	0.6491	0.19	0	25	0	0	0.3223	0.09	0										
SRP162456	mouse	11	0.8	0.818181818181818	8	2	0.000153139356814701	30	0.698564593301435	10	0.00992555831265509	0.333333333333333	0	0.5698	0	0	6	0	0	0.6547	0.2	1	401	0	0	0.3676	0.07	0										
SRP162456	mouse	11	0.8	0.818181818181818	9	2	0.000153139356814701	30	0.698564593301435	10	0	0	0	0.5458	0	0.0384615384615385	0		0	0.6577	0.2	0	70	0	0	0.3332	0.09	0										
SRP162456	mouse	11	0.8	0.818181818181818	10	2	0.000153139356814701	30	0.698564593301435	10	0.0178571428571429	0.166666666666667	0.0307692307692308	0.557	0.25	0	2	0	0	0.6552	0.19	0	55	0	0	0.3456	0.07	0										
