study	n_age	obs_smd	p_geq_obs	null_p_ge_0.8	null_p_ge_1.6
DRP003654	8	0	1	0.471	0
DRP004730	10	0	1	0.2035	0.0405
DRP004731	8	0	1	0.291	0.0265
ERP000771	12	0	1	0.0761	0.0761
ERP023507	12	0	1	0.0555	0.0555
ERP024052	9	1.136	0.164	0.3045	0.0425
ERP106132	64	0	1	0.002	0
ERP106558	24	0	1	0.033	0.003
ERP107455	12	1.225	0.095	0.095	0
ERP112380	12	0	1	0.0697	0.0697
ERP116564	12	0	1	0.0697	0.0697
ERP117312	36	0	1	0.0095	0
ERP119049	28	2.727	0	0.237	0.032
SRP015136	11			0.2501	0.016
SRP016859	20	0.357	0.5025	0.1125	0.0035
SRP017849	15	0.405	0.6695	0.1865	0.019
SRP027535	7	0.158	1	0.439	0.145
SRP032458	8	0	1	0.4766	0
SRP035462	37	0.445	0.4205	0.137	5e-04
SRP042287	9	1.225	0.1605	0.4385	0
SRP043302	14	0.57	0.328	0.1625	0.006
SRP043436	14	0.745	0.1895	0.1435	0.0115
SRP043967	23	0.974	0.041	0.0835	0
SRP045331	12	0.87	0.02	0.0535	0
SRP052884	8	0	1	0.4814	0
SRP053396	47	0.052	0.811	0.013	0
SRP056865	48	0	1	0.0065	0
SRP057574	11	0.09	0.821	0.2315	0.0255
SRP058594	12	0.053	1	0.0721	0.025
SRP060296	36	0.232	0.4965	0.023	0
SRP063269	23	0.087	1	0.1065	0.0045
SRP064030	24	0.149	0.8235	0.081	0.004
SRP064216	48	0	1	0.0065	0
SRP064245	48	0	1	0.0065	0
SRP066622	24	0.161	1	0.0935	5e-04
SRP066728	18	0	1	0.165	0.015
SRP070440	12	0.866	0.2185	0.2185	0.0195
SRP070767	48	0	1	0.005	0
SRP070769	47	0.065	1	0.009	0
SRP070770	47	0.065	1	0.009	0
SRP070775	48	0	1	0.005	0
SRP072124	13			0.108	0.0285
SRP073086	59	0.031	0.906	0.003	0
SRP073608	24	0	1	0.0535	5e-04
SRP074146	22	0.129	0.8585	0.0665	0.002
SRP074487	8	0	1	0.4766	0
SRP077508	20	0	1	0.195	0
SRP081004	16	1.095	0.1305	0.248	0.006
SRP082974	24	0.083	0.857	0.084	0.0025
SRP083850	10	0.094	0.9455	0.228	0.044
SRP087434	18	0	1	0.1085	0.0045
SRP089881	12	0	1	0.0697	0.0697
SRP089973	8	0	1	0.4802	0
SRP090064	19	0.086	1	0.0685	0.0065
SRP090397	12	0	1	0.459	0
SRP090515	12	0	1	0.0761	0.0761
SRP092532	13	0.379	0.6035	0.207	0.005
SRP093648	20	0.957	0.1225	0.1225	0
SRP094108	71	0.028	1	0.0015	0
SRP094779	57	0.058	0.8235	0.006	0
SRP095235	12	0	1	0.0697	0.0697
SRP096655	8	0	1	0.4766	0
SRP098205	8	0	1	0.2775	0.0345
SRP098626	20	0.036	0.7815	0.1325	0
SRP098927	18	1.594	0.021	0.196	0.021
SRP099194	12	0	1	0.0761	0.0761
SRP099234	15	0.134	1	0.127	0.007
SRP099973	8	0.749	0.4545	0.1105	0
SRP100841	12	0	1	0.0761	0.0761
SRP100881	14	1.691	0.0035	0.3725	0.0035
SRP100979	12	0	1	0.07	0.07
SRP105321	9	0.296	1	0.1505	0.1505
SRP107220	18	0	1	0.119	0.0085
SRP108593	12	0	1	0.0697	0.0697
SRP108808	9	0.415	0.63	0.2925	0.0695
SRP109217	12	0	1	0.0697	0.0697
SRP109283	10	1.893	0.029	0.22	0.052
SRP110576	8	0	1	0.4766	0
SRP111520	132	0.004	1	0	0
SRP113491	48	0.035	0.7785	0.014	0
SRP114953	10	0.224	0.8095	0.327	0.0745
SRP116342	16	0	1	0.072	0.072
SRP117958	10	0	1	0.053	0.053
SRP118141	19	0.052	1	0.0895	0
SRP119123	14	1.342	0.1285	0.2145	0.003
SRP125665	11	0.535	1	0	0
SRP126545	14	0.431	0.5545	0.2755	0
SRP126640	11	0.756	0.284	0.2825	0.023
SRP126678	13	0.673	0.3705	0.1275	0.0175
SRP129022	8	0.567	0.4365	0.2985	0.0905
SRP130256	22	0.174	1	0.0845	5e-04
SRP131224	8	0	1	0.4718	0
SRP131509	19	0.157	0.869	0.0745	0.0025
SRP132899	8			0.4862	0
SRP132960	21	0.182	0.784	0.1095	0.005
SRP133190	13	1.595	0.037	0.203	0.025
SRP133375	24	0.061	0.964	0.0625	0.0015
SRP134146	12	1.826	0.052	0.2375	0.052
SRP135229	16	0	1	0.1405	0.009
SRP135539	56	0	1	0.003	0
SRP139918	18	0.035	1	0.134	0.0085
SRP144047	7	8.165	0.0245	0.3605	0.1495
SRP144211	16	0.167	0.7115	0.12	0.0045
SRP145104	11	0.416	0.546	0.3035	0.0595
SRP145144	14	1.323	0.0735	0.229	0.0105
SRP151332	12	0	1	0.0776	0.0776
SRP153375	7	0.154	1	0.432	0.149
SRP154465	14	0.489	0.4075	0.1565	0.0175
SRP154905	91	1.13	0	5e-04	0
SRP155097	13	0.309	0.5315	0.1925	0.0155
SRP155323	7	0.154	1	0.4345	0.141
SRP155757	17	0.105	1	0.1701	0.0185
SRP155931	14	0.246	0.7415	0.161	0.0235
SRP157900	12	0	1	0.0812	0.0812
SRP162456	52	0.188	0.504	0.0105	0
SRP165625	14	0.535	0.354	0.111	0.013
SRP165738	10	0.4	1	0.1625	0
SRP167988	12	0	1	0.0697	0.0697
SRP171149	16	0	1	0.142	0.0095
SRP172565	21	0.966	0.1615	0.1615	5e-04
SRP172733	44	0.422	0.17	0.0145	0
SRP172787	32	0	1	0.0485	5e-04
SRP173469	24	0	1	0.041	0.006
SRP174097	22	0.099	0.924	0.057	0.001
SRP176410	8	0	1	0.4756	0
SRP181206	8	0	1	0.2795	0.025
SRP183070	59	0.105	0.704	0.0025	0
SRP185884	16	0	1	0.1336	0.009
SRP186391	9	0	1	0.2395	0.043
SRP188076	18	0	1	0.099	0.011
SRP188207	30	1.378	0.003	0.1085	0
SRP189755	12	0	1	0.0829	0.0829
SRP189925	15	0.134	1	0.1486	0.0095
SRP192368	20	0.176	0.6795	0.0975	0.001
SRP198525	13	0.35	0.639	0.2505	0.038
SRP198642	18	0	1	0.158	0.021
SRP199441	24	0	1	0.0455	0.004
SRP200201	12	0	1	0.0697	0.0697
SRP200404	12	0	1	0.0697	0.0697
SRP201548	15	0.134	1	0.133	0.008
SRP201969	17	0.212	0.659	0.102	0.0055
SRP212122	13	0.132	1	0.1073	0.0281
SRP213880	28	0	1	0.0585	0
SRP219271	32	0.445	0.236	0.0235	0
SRP219342	28	0.177	0.7	0.0915	0
SRP220328	55	0.311	0.2365	0.004	0
SRP220371	17	3.272	0	0.124	0.0115
SRP222765	17	0.322	0.6385	0.145	0.004
SRP223230	18	0	1	0.1285	0.009
SRP229626	13	0.424	0.5145	0.219	0.026
SRP237927	114	0.123	0.542	0	0
SRP238748	32	0.078	0.8195	0.0425	0
SRP238851	13	0.132	1	0.1073	0.0281
SRP471095	17	1.469	0.022	0.113	0.004
