study	n_per	sex_delta	age_shift	reps	M0_precision	M1_precision	M2_precision	M0_precision_strict	M2_precision_strict	M0_recall	M1_recall	M2_recall	M0_top100	M1_top100	M2_top100	M0_ndeg	M2_ndeg	M0_sexgene	M2_sexgene	M0_fdp	M2_fdp	obs_jaccard	obs_top100	obs_sex_diff	obs_age_smd
ERP106487	15	0	0	10	0.992063492063492	0.970227743271221	0.962579914081791	0.759103641456583	0.588987924094308	0.00399137001078749	0.0530744336569579	0.0540453074433657	0.313	0.306	0.273	6	91.1	0	0	0.00793650793650802	0.0374200859182086	0.0127056342951212	0.662	0	0.238
ERP106487	15	0.25	0	10	0.919240858643844	0.888502602531279	0.89043903929173	0.454876433682404	0.521448763147297	0.0526429341963323	0.302373247033441	0.265587918015103	0.264	0.275	0.269	139.9	793.1	0	0.4	0.080759141356156	0.109560960708271	0.0646364929403253	0.46	0.2	0.217
ERP106487	15	0	0.5	10	0.824404761904762	0.472734899328859	0.969472481756803	0.505952380952381	0.755876906289509	0.00420711974110033	0.0610571736785329	0.107874865156419	0.245	0.225	0.171	5.9	229.7	0	0.3	0.175595238095238	0.0305275182431972	0.00370424774025674	0.528	0	0.644
SRP032775	15	0	0	10	0.611125418490858	0.615507169410515	0.310992578849721	0.100952871491115	0.0503246753246755	0.0549019607843137	0.0542016806722689	0.0607843137254902	0.127	0.122	0.12	388.3	431.3	0	0	0.388874581509142	0.689007421150279	0.0860385925085131	0.774	0	0.222
SRP032775	15	0.25	0	10	0.946005279366476	0.922795419171728	0.90527703880328	0.699873790145183	0.434335787207789	0.0598039215686274	0.0514005602240897	0.11218487394958	0.168	0.151	0.153	259.9	414.5	0	0.1	0.0539947206335241	0.0947229611967195	0.185756175740739	0.681	0.2	0.259
SRP032775	15	0.5	0	10	0.926256850710734	0.896459345897548	0.868005444612258	0.535016754980347	0.501929854002349	0.0645658263305322	0.0173669467787115	0.0217086834733894	0.191	0.115	0.11	209	45.6	0.1	0	0.0737431492892658	0.131994555387742	0.0567169294037012	0.472	0.47	0.271
SRP032775	15	0.75	0	10	0.412331585359003	0	0	0.190425784746637	0	0.0803921568627451	0	0	0.154	0.068	0.07	486.9	0.8	1.7	0	0.587668414640997	1	0	0.167	0.73	0.201
SRP032775	15	1	0	10	0.469769711423421			0.171631417701186		0.107983193277311			0.085			413.8		9		0.530230288576579				1	0.282
SRP032775	15	0	0.5	10	0.89797907414497	0.674679914248998	0.936993550455151	0.236881193544953	0.504790925696805	0.0598039215686274	0.0560224089635854	0.0659663865546219	0.148	0.147	0.105	184.2	201.3	0	0	0.10202092585503	0.063006449544849	0.0706149201871871	0.405	0	1.123
SRP032775	15	0.25	0.5	10	0.983026612138454	0.964082792207792	0.959186872909699	0.715178994784258	0.713907469342252	0.0425770308123249	0.046218487394958	0.0483193277310924	0.164	0.151	0.138	82.2	126.2	0	0.1	0.0169733878615458	0.040813127090301	0.208434157204921	0.544	0.2	0.777
SRP032775	15	0.5	0.5	10	0.885989926070355	0.592753623188406	0.823529411764706	0.30735234381347	0.0980392156862745	0.0288515406162465	0.00364145658263305	0.000700280112044818	0.159	0.088	0.057	51.3	5.1	0	0	0.114010073929645	0.176470588235294	0.00701754385964912	0.335	0.47	0.903
SRP032775	15	0.75	0.5	10	0.312463710171888	0.820754716981132		0.12035202756742		0.046358543417367	0.00112044817927171	0	0.128	0.049	0.032	215.7	0	1.2	0	0.687536289828112		0	0.117	0.73	1.23
SRP032775	15	1	0.5	10	0.490615302888728			0.221099504168618		0.0785714285714286			0.078			264.7		9		0.509384697111272				1	1.036
SRP032775	15	0	1	10	0.608280924027612	0.616707647845616	0.807896627643306	0.111567814049669	0.433100972947318	0.185574229691877	0.184033613445378	0.0501400560224089	0.096	0.098	0.053	1552.2	236.3	0	0	0.391719075972388	0.192103372356694	0.0387153750991936	0.142	0	3.76
SRP032775	15	0.25	1	10	0.614331640523477	0.541656240641127	0.69774377593361	0.0950696897429567	0.026841286307054	0.180952380952381	0.16218487394958	0.0289915966386555	0.094	0.095	0.016	1758	385.7	0	0	0.385668359476523	0.30225622406639	0.0484193143229288	0.089	0.2	3.685
SRP032775	15	0.5	1	10	0.658797418784683	0.674695433063601	0.610461328969623	0.131965112024009	0.106459625866758	0.168067226890756	0.0826330532212885	0.0334733893557423	0.092	0.064	0.012	1258.5	253.9	0.4	0	0.341202581215317	0.389538671030377	0.0391536326534524	0.047	0.47	3.911
SRP032775	15	0.75	1	10	0.704049985867084	0.669175496365796		0.199135769987754		0.21484593837535	0.0703081232492997	0	0.128	0.059	0.016	1184.1	0	3.6	0	0.295950014132916		0	0.055	0.73	3.936
SRP032775	15	1	1	10	0.697940903189468			0.211205754410948		0.121988795518207			0.088			413.6		9		0.302059096810532				1	3.622
SRP032775	30	0	0	10	0.966363578344641	0.967450761078889	0.965877848359437	0.367976631635343	0.387719346030701	0.181232492997199	0.192156862745098	0.199719887955182	0.318	0.319	0.314	465.3	502.4	0	0	0.0336364216553592	0.0341221516405628	0.705333591556798	0.871	0	0.134
SRP032775	30	0.25	0	10	0.936248866814455	0.894351590434807	0.92856585806445	0.336281822075165	0.445872517759414	0.287394957983193	0.171988795518207	0.184733893557423	0.315	0.281	0.285	772.5	636	0	0	0.0637511331855453	0.0714341419355499	0.312508661706766	0.721	0.27	0.174
SRP032775	30	0.5	0	10	0.920015437880362	0.959226531242389	0.965056110303873	0.324858743287358	0.400222505008704	0.399579831932773	0.0691876750700279	0.0722689075630252	0.362	0.291	0.283	1228.9	200	3.2	0	0.0799845621196379	0.0349438896961271	0.100569575703492	0.543	0.47	0.152
SRP032775	30	0.75	0	10	0.831910703736167		1	0.208734430286024	0	0.544397759103641	0	0	0.238	0.136	0.122	2174.9	0.1	9	0	0.168089296263833	0	4.87329434697856e-05	0.181	0.73	0.152
SRP032775	30	1	0	10	0.656385354526003			0.124926761233432		0.677731092436975			0.127			4443.5		9		0.343614645473997				1	0.109
SRP032775	30	0	0.5	10	0.937340055598506	0.936168051883229	0.973341412738825	0.336040910018248	0.488514002997096	0.237955182072829	0.24453781512605	0.0977591036414566	0.28	0.276	0.251	578.8	159.9	0	0	0.0626599444014944	0.026658587261175	0.164993405416219	0.561	0	0.984
SRP032775	30	0.25	0.5	10	0.945812051598775	0.917780451140373	0.907843946436299	0.474880471143384	0.341322805699028	0.20546218487395	0.15266106442577	0.0644257703081232	0.309	0.257	0.217	646.7	249	0	0	0.0541879484012252	0.0921560535637012	0.127903594406189	0.444	0.27	0.945
SRP032775	30	0.5	0.5	10	0.896187386509465	0.904860879144235	0.963702932886676	0.318153694865719	0.418008488873307	0.369887955182073	0.169607843137255	0.0509803921568627	0.325	0.216	0.211	1277.6	107	2.4	0	0.103812613490535	0.0362970671133245	0.039746467785665	0.433	0.47	0.906
SRP032775	30	0.75	0.5	10	0.848139624520144	0.614201161679288	0.659607793522267	0.274744527773883	0.190371588693957	0.375490196078431	0.0243697478991596	0.0263305322128851	0.23	0.124	0.122	1148.7	90.3	9	0	0.151860375479856	0.340392206477733	0.0326732108330516	0.175	0.73	1.016
SRP032775	30	0	1	10	0.492049772088787	0.489680956662876	0.683731013431232	0.0752410394866742	0.10521658047315	0.513865546218487	0.514705882352942	0.115266106442577	0.114	0.117	0.086	4988.5	889.2	0	0.3	0.507950227911213	0.316268986568768	0.119715689673106	0.194	0	3.845
SRP032775	30	0.25	1	10	0.581333539196682	0.542921615874282	0.763424136822016	0.0928125155357118	0.102817030437662	0.54593837535014	0.510924369747899	0.0635854341736695	0.154	0.153	0.066	4241.5	461.2	0.5	0.1	0.418666460803318	0.236575863177984	0.0795827515810315	0.115	0.27	3.89
SRP098758	15	0	0	10		0.5	1		0.769230769230769	0	0.0055	0.005	0.087	0.087	0.077	0	1.3	0	0		0	0	0.725	0	0.347
SRP098758	15	0.25	0	10	0.923076923076923	1	1	0.692307692307692	1	0.009	5e-04	5e-04	0.096	0.08	0.079	2.6	0.1	0	0	0.076923076923077	0	0.00384615384615385	0.652	0.2	0.24
SRP098758	15	0.5	0	10	0.966666666666667	0.459905660377359	0.915841584158416	0.333333333333333	0.297029702970297	0.01	0.031	0.03	0.106	0.068	0.048	6	20.2	0	0.1	0.033333333333333	0.084158415841584	0	0.328	0.47	0.334
SRP098758	15	0.75	0	10	0.591827971646674	0.57360170224284	0.452182794101229	0.152532295948327	0.16420303049209	0.053	0.0215	0.016	0.103	0.07	0.063	33.2	125.6	2	0.9	0.408172028353326	0.547817205898771	0.0106337271750806	0.19	0.73	0.272
SRP098758	15	1	0	10	0.607181453430503			0.174174418565866		0.074			0.131			68.8		9		0.392818546569497				1	0.189
SRP098758	15	0	0.5	10	0.885714285714286	0.867424242424242		0.118367346938776		0.0145	0.0185	0	0.098	0.104	0.064	24.5	0	0	0	0.114285714285714		0	0.495	0	0.938
SRP098758	15	0.25	0.5	10	0.99367088607595	0.985294117647059	0.343023255813954	0.610307414104883	0.00996677740863787	0.025	0.0135	0.006	0.163	0.142	0.053	9.3	120.4	0	0	0.00632911392405045	0.656976744186046	0	0.342	0.2	0.991
SRP098758	15	0.5	0.5	10		1	1		1	0	0.0015	0.0015	0.155	0.093	0.059	0	0.3	0	0.2		0	0	0.299	0.47	0.919
SRP098758	15	0.75	0.5	10	0.690438652938653	0	0	0.190993786339531	0	0.073	0	0	0.178	0.08	0.095	53.8	0.2	0.8	0	0.309561347061347	1	0	0.177	0.73	0.849
SRP098758	15	1	0.5	10	0.542185019334791			0.174196786623022		0.0475			0.098			49		7.9		0.457814980665209				1	0.958
SRP098758	15	0	1	10	0.730160767439901	0.767648571269492		0.148646945220287		0.0465	0.0545	0	0.093	0.091	0.018	396.8	0	0	0	0.269839232560099		0	0.159	0	2.171
SRP098758	15	0.25	1	10	0.890240262822713	0.941016836615537		0.159048395662861		0.1015	0.077	0	0.159	0.145	0.062	133.5	0	0	0	0.109759737177287		0	0.146	0.2	2.364
SRP098758	15	0.5	1	10	0.934888416980039	0.922642018450317	0.272366331392271	0.355547389121227	0.019057702488089	0.136	0.0525	0.036	0.192	0.126	0.033	178.5	189.1	0	0	0.0651115830199616	0.727633668607729	0.0158761757486643	0.091	0.47	2.566
SRP098758	15	0.75	1	10	0.798034372748791			0.264562107646393		0.064	0	0	0.101	0.051	0.062	48.3	0	0.4	0	0.201965627251209		0	0.092	0.73	2.45
SRP098758	15	1	1	10	0.642877993394307			0.192964795392534		0.109			0.078			89.8		8.1		0.357122006605693				1	2.57
SRP098758	30	0	0	10	0.952486733308651	0.960488840202657	0.962796549245147	0.352339554166038	0.362804376058069	0.0795	0.086	0.0845	0.289	0.281	0.264	276	285.8	0	0	0.047513266691349	0.0372034507548525	0.255746111402088	0.88	0	0.153
SRP098758	30	0.25	0	10	1	1	0.75	0.425	0.25	0.004	0.001	5e-04	0.2	0.132	0.133	1.4	0.3	0	0	0	0.25	0.15	0.59	0.27	0.209
SRP098758	30	0.5	0	10	0.873018427465442	0.931326644370123	0.840827631150212	0.216335101679929	0.10752688172043	0.1215	0.0185	0.005	0.189	0.14	0.128	369.8	5.4	0.9	0	0.126981572534558	0.159172368849788	0.00523333412496734	0.414	0.47	0.183
SRP098758	30	0.75	0	10	0.767113938628325	0.778732809430256	0.725975498629947	0.152018785442797	0.087755174687648	0.306	0.0625	0.0645	0.192	0.056	0.043	480.5	791.5	8.6	0.7	0.232886061371675	0.274024501370053	0.0503534915220029	0.146	0.73	0.205
SRP098758	30	1	0	10	0.746929333028518			0.185482738407713		0.454			0.181			687.5		9		0.253070666971482				1	0.126
SRP098758	30	0	0.5	10	0.877288003983459	0.874650670998154	0.655524734165511	0.30151536432772	0.167313915857605	0.1535	0.157	0.033	0.207	0.199	0.121	366.7	223.3	0	0.4	0.122711996016541	0.344475265834489	0.0560475784916882	0.412	0	1.086
SRP098758	30	0.25	0.5	10	0.939797828886992	0.898928067617388	0.962041884816754	0.379945677650424	0.543193717277487	0.112	0.0615	0.017	0.271	0.205	0.119	174.6	38.3	0	0.1	0.0602021711130084	0.037958115183246	0.026600385813919	0.367	0.27	0.905
SRP098758	30	0.5	0.5	10	0.943921546240548	0.910484035639315	0.711309523809524	0.357442571668676	0.0625	0.2325	0.0945	0.021	0.316	0.184	0.116	219.9	33.8	0.4	0	0.0560784537594523	0.288690476190476	0.024451716462252	0.237	0.47	0.95
SRP098758	30	0.75	0.5	10	0.764149338797041	0.712995337995338	0.922077922077922	0.240855902983602	0.502164502164502	0.317	0.006	0.003	0.228	0.108	0.107	427.4	1.9	8.3	0.7	0.235850661202959	0.0779220779220781	0.0054765645486269	0.138	0.73	0.941
SRP098758	30	1	0.5	10	0.715061789853907			0.214317866216578		0.3905			0.171			425.9		9		0.284938210146093				1	0.915
SRP098758	30	0	1	10	0.804675532943983	0.802354592392944	0.888888888888889	0.0809128173214892	0.333333333333333	0.421	0.437	5e-04	0.19	0.188	0.047	1415.6	0.5	0	0	0.195324467056017	0.111111111111111	0.000616859349775497	0.148	0	2.23
SRP098758	30	0.25	1	10	0.810000337073923	0.801186674696533	0.901779422128259	0.140028201134056	0.177325581395349	0.356	0.324	0.0065	0.14	0.124	0.051	1235.2	27.3	0	0	0.189999662926077	0.0982205778717408	0.00771938868004365	0.123	0.27	2.346
SRP098758	30	0.5	1	10	0.848484698224938	0.760683282326451	1	0.228157934038877	0	0.3375	0.1805	0	0.221	0.148	0.052	472.6	0.2	1	0	0.151515301775062	0	0	0.071	0.47	2.367
SRP098758	30	0.75	1	10	0.749166888314259	0.723719838359542	0.779539088362617	0.217165678624182	0.0402342755283931	0.415	0.037	0.0055	0.126	0.085	0.052	468.1	47.9	8.9	0	0.250833111685741	0.220460911637383	0.00865849126718692	0.068	0.73	2.417
SRP098758	30	1	1	10	0.674224653817606			0.193270067872239		0.4455			0.069			509.4		9		0.325775346182394				1	2.48
SRP126691	15	0	0	10	0.976846258917148	0.976531257948688	0.978827788865684	0.535094048398547	0.560044639846053	0.739123505976096	0.738406374501992	0.68288844621514	0.657	0.676	0.672	7075.9	6418.1	0	1.3	0.0231537410828522	0.0211722111343158	0.831177734686335	0.852	0	0.34
SRP126691	15	0.25	0	10	0.964763391132418	0.969722338425104	0.975281076351547	0.48632220679191	0.527191843118877	0.831513944223108	0.794701195219123	0.740398406374502	0.658	0.661	0.679	8630.7	7140.7	0	1.9	0.035236608867582	0.0247189236484526	0.796412830614722	0.881	0.2	0.439
SRP126691	15	0.5	0	10	0.960917023348275	0.982029872830473	0.981271056074151	0.485627000845783	0.585897431927707	0.836912350597609	0.646414342629482	0.613645418326693	0.685	0.68	0.669	8748.6	5501.1	1.2	1.3	0.0390829766517252	0.0187289439258493	0.591709472467344	0.858	0.47	0.282
SRP126691	15	0.75	0	10	0.942834175300903	0.984339596097797	0.990515351381636	0.467005781651754	0.731291759931436	0.843605577689243	0.384521912350597	0.296075697211156	0.642	0.568	0.564	9193.5	2312.9	7	0	0.0571658246990967	0.00948464861836373	0.230142464642121	0.728	0.73	0.375
SRP126691	15	1	0	10	0.945877577995383			0.45970263714831		0.892669322709163			0.65			9763.9		9		0.0541224220046173				1	0.432
SRP126691	15	0	0.5	10	0.969366195262673	0.96892326468578	0.980003713351036	0.540398429227192	0.707503217983543	0.725159362549801	0.72605577689243	0.386653386454183	0.674	0.689	0.657	7060.1	3278.2	0	0.7	0.0306338047373266	0.0199962866489642	0.374674998050374	0.752	0	1.412
SRP126691	15	0.25	0.5	10	0.946463406176914	0.954882337013993	0.980943619292749	0.481905489121256	0.700916784045476	0.816513944223108	0.766713147410359	0.359083665338645	0.67	0.679	0.657	8596.2	2758.7	0	0.2	0.053536593823086	0.0190563807072514	0.304738392047065	0.745	0.2	1.319
SRP126691	15	0.5	0.5	10	0.946908486319993	0.969972265701676	0.98604313670892	0.465109579819915	0.790819566926514	0.855039840637451	0.662569721115538	0.234382470119522	0.691	0.684	0.653	9281.1	1633.5	1.3	0.5	0.0530915136800073	0.0139568632910799	0.165534127794254	0.751	0.47	1.461
SRP126691	15	0.75	0.5	10	0.947263463541472	0.981895607683698	0.989830412663401	0.458516978670058	0.848332684048433	0.892749003984064	0.427848605577689	0.159940239043825	0.716	0.622	0.6	9826.9	1114.3	7.1	0.5	0.0527365364585285	0.010169587336599	0.104168449961413	0.68	0.73	1.175
SRP126691	15	1	0.5	10	0.947909682313332			0.466597386955006		0.88597609561753			0.623			9547.6		9		0.0520903176866678				1	1.2
SRP126691	15	0	1	10	0.957512607729916	0.956586654227808	0.993430140735644	0.535624209847699	0.949061962615866	0.709183266932271	0.715756972111554	0.0406175298804781	0.691	0.697	0.571	6928.2	248.8	0	0	0.0424873922700841	0.00656985926435638	0.0302176850364482	0.64	0	2.298
SRP126691	15	0.25	1	10	0.943096638855608	0.953648403884401	0.983695397822109	0.477097950015189	0.871300262728056	0.82593625498008	0.776752988047809	0.0617529880478087	0.706	0.71	0.597	8813.8	385.1	0	0	0.0569033611443921	0.016304602177891	0.0401452995334226	0.698	0.2	2.292
SRP126691	30	0	0	10	0.95552668401389	0.954785871197392	0.968496657949663	0.428076515316586	0.442782872270823	0.969223107569721	0.970219123505976	0.957609561752988	0.81	0.82	0.831	11394.9	10887.2	0	2.5	0.0444733159861098	0.0315033420503371	0.927812365043035	0.885	0	0.358
SRP155483	15	0	0	10	0.786666666666667	0.851851851851852	0.807017543859649	0.346666666666667	0.350877192982456	0.00571428571428572	0.00571428571428572	0.00571428571428572	0.156	0.166	0.166	2.7	2.1	0	0	0.213333333333333	0.192982456140351	0.251724137931035	0.76	0	0.344
SRP155483	15	0.25	0	10	0.495496388934256	0.399228178377768	0.390784042105217	0.129515892371777	0.0186034075646222	0.171428571428571	0.157142857142857	0.157142857142857	0.202	0.183	0.176	401.2	287.4	0	0	0.504503611065744	0.609215957894783	0.223703258012538	0.767	0.2	0.139
SRP155483	15	0.5	0	10	0.410062940472497	0.472610420979986	0.510849492151431	0.060494535801703	0.208050029379669	0.128571428571429	0.06	0.0571428571428571	0.188	0.153	0.146	79.9	43.1	0	0	0.589937059527503	0.489150507848569	0.0757885062081182	0.49	0.47	0.422
SRP155483	15	0.75	0	10	0.242053655975137	0.628712871287129	0.284600389863548	0.0316231271220126	0.0253411306042885	0.2	0.04	0.0371428571428571	0.174	0.085	0.086	316	51.3	0	0	0.757946344024863	0.715399610136452	0.0236580516898608	0.23	0.73	0.511
SRP155483	15	1	0	10	0.222588441922606			0.0346865652980903		0.24			0.125			343.1		2		0.777411558077394				1	0.521
SRP155483	15	0	0.5	10	0.583529411764706	0.373333333333333	0.85	0.303529411764706	0.6	0.0228571428571428	0.02	0.00857142857142857	0.185	0.182	0.16	4.4	1.1	0	0	0.416470588235294	0.15	0.0328205128205128	0.444	0	1.112
SRP155483	15	0.25	0.5	10	0.720770202020202	0.648292131844763	0.75	0.0631944444444445	0.75	0.0857142857142857	0.0657142857142857	0.0114285714285714	0.21	0.192	0.161	41.7	0.5	0	0	0.279229797979798	0.25	0.000833333333333333	0.443	0.2	0.976
SRP155483	15	0.5	0.5	10	0.565441650548033	0.694444444444445		0.253646840747905		0.0342857142857143	0.00571428571428571	0	0.186	0.127	0.133	14.9	0	0	0	0.434558349451967		0	0.353	0.47	0.888
SRP155483	30	0	0	10	0.838094301992084	0.82948034865517	0.837855515900853	0.20130304448459	0.202427684251266	0.257142857142857	0.274285714285714	0.237142857142857	0.453	0.452	0.453	70.7	66.1	0	0	0.161905698007917	0.162144484099147	0.740674715335929	0.894	0	0.129
SRP181886	15	0	0	10	0.986953328650467	0.987296695709252	0.99268941259356	0.490371633810068	0.469149258248647	0.107568279039158	0.117999341888779	0.058209937479434	0.191	0.188	0.157	727.2	373.9	0	0	0.0130466713495325	0.00731058740643997	0.0963915925537892	0.687	0	0.57
SRP181886	15	0.25	0	10	0.961877501483901	0.959474385618935	0.962207318951275	0.42959456617219	0.504230998384245	0.241757156959526	0.180223757815071	0.126258637709773	0.136	0.126	0.096	2135.4	1103.7	0	0.6	0.0381224985160987	0.0377926810487252	0.18625769283148	0.66	0.2	0.553
SRP181886	15	0.5	0	10	0.981232765456542	0.968432288873567	0.988499683477527	0.486070576797818	0.449936695505381	0.199045738729845	0.112273774267851	0.0624547548535703	0.165	0.107	0.089	1443	474.5	0.4	0	0.0187672345434584	0.011500316522473	0.0716559223266115	0.494	0.47	0.298
SRP181886	15	0.75	0	10	0.914313420637406	0.983882364893426	1	0.417998007781555	0.436507936507937	0.40358670615334	0.0481079302402106	0.000197433366238894	0.169	0.066	0.052	3446.1	1.6	7.8	0	0.0856865793625941	0	0.000464607436353391	0.282	0.73	0.386
SRP181886	15	1	0	10	0.791811989899848			0.311701478062663		0.389897992760777			0.123			3542.7		10		0.208188010100152				1	0.258
SRP181886	15	0	0.5	10	0.995871950328195	0.988700819307836	0.972533133872846	0.758097646779981	0.579989810177677	0.129812438302073	0.121092464626522	0.147022046725897	0.139	0.129	0.101	801.4	992.1	0	0	0.00412804967180491	0.0274668661271539	0.306038696519593	0.496	0	0.87
SRP181886	15	0.25	0.5	10	0.98135109388677	0.970752630759053	0.960985225578394	0.487682089914576	0.424862784870541	0.137018756169793	0.0986508719973676	0.130075682790392	0.111	0.102	0.075	1159	1100.1	0	0.1	0.01864890611323	0.0390147744216061	0.155856177607029	0.501	0.2	0.828
SRP181886	15	0.5	0.5	10	0.956111596811045	0.945007445178845	0.970976253298153	0.346960082232399	0.712401055408971	0.141559723593287	0.00704179006252057	0.00536360644948996	0.129	0.098	0.079	1222	38.1	0.4	0	0.0438884031889548	0.029023746701847	0.00923855165069222	0.429	0.47	0.909
SRP181886	15	0.75	0.5	10	0.877367560666008	0.971031232283232	0.932390126564201	0.412991019357761	0.454282252450062	0.188877920368542	0.0644619940769991	0.0672260612043436	0.135	0.071	0.049	1772.7	638.3	4.2	0	0.122632439333992	0.0676098734357991	0.0731234684485458	0.211	0.73	1.256
SRP181886	15	1	0.5	10	0.812671495121273			0.344458633650062		0.297795327410332			0.074			2516.3		10		0.187328504878727				1	1.319
SRP181886	15	0	1	10	0.938590039080212	0.942844923288368	0.946184738955823	0.534608417404315	0.411244979919679	0.065514972030273	0.0575189206975979	0.050542941757157	0.115	0.121	0.03	744.2	373.5	0	0	0.0614099609197876	0.053815261044177	0	0.158	0	2.483
SRP181886	15	0.25	1	10	0.960860315413745	0.956065219468512		0.415903427770797		0.137150378413952	0.090885159591971	0	0.148	0.131	0.061	1354.7	0	0	0	0.0391396845862553		0	0.194	0.2	2.631
SRP181886	15	0.5	1	10	0.933812702917245	0.964810338619298		0.490539517753065		0.202500822639026	0.106515301085884	0	0.123	0.1	0.023	2068.4	0	0.4	0	0.0661872970827546		0	0.204	0.47	2.615
SRP181886	15	0.75	1	10	0.78685612489905	0.979166666666666		0.34593288981516		0.145574202040145	0.000855544587035209	0	0.123	0.045	0.011	1143.5	0	5.9	0	0.21314387510095		0	0.101	0.73	2.659
SRP181886	15	1	1	10	0.862850780216517			0.361010343187021		0.282922013820336			0.142			2241.1		10		0.137149219783483				1	2.793
SRP181886	30	0	0	10	0.958761474856017	0.957935099271457	0.966870303922258	0.351515202668038	0.434787461139116	0.491872326423166	0.498124383020731	0.368476472523857	0.272	0.276	0.252	4514.9	3078.8	0	0.2	0.0412385251439826	0.0331296960777423	0.525875894695336	0.792	0	0.536
SRP181886	30	0.25	0	10	0.957418272120987	0.97213900499383	0.983507712681615	0.326340731811184	0.377621988755534	0.684468575189207	0.555051003619612	0.428331688055281	0.335	0.312	0.31	6782.6	3753.3	0.9	0.3	0.0425817278790133	0.016492287318385	0.452586440509258	0.75	0.27	0.444
SRP181886	30	0.5	0	10	0.954190057163765	0.978153537434952	0.985418297261965	0.311282639184952	0.466676159007875	0.808588351431392	0.52500822639026	0.400394866732478	0.367	0.329	0.298	8263.5	3424.2	9.9	0.1	0.0458099428362354	0.0145817027380354	0.341406372455326	0.615	0.47	0.413
SRP181886	30	0.75	0	10	0.948199664244333	0.933044253485073	0.93335722065018	0.322483023669647	0.481492844615552	0.747877591312932	0.225765054294176	0.184501480750247	0.289	0.173	0.149	7648.1	1728.9	10	0.1	0.0518003357556665	0.0666427793498206	0.152914910346905	0.302	0.73	0.255
SRP181886	30	1	0	10	0.936852244695034			0.300608993042338		0.814445541296479			0.235			8625.4		10		0.0631477553049662				1	0.187
SRP181886	30	0	0.5	10	0.975535042383069	0.975539219394907	0.966431989471029	0.437266765809142	0.437716390674275	0.46788417242514	0.467982889108259	0.452977953274103	0.313	0.305	0.248	4065.7	4070.5	0	0.3	0.0244649576169307	0.0335680105289706	0.679376466754159	0.625	0	0.768
SRP181886	30	0.25	0.5	10	0.969704562419417	0.981973437471106	0.986802217853802	0.363897146753698	0.435144994002719	0.441987495886805	0.26794998354722	0.199506416584403	0.309	0.282	0.226	3920.8	1646.3	0.1	0	0.0302954375805832	0.013197782146198	0.249063683687616	0.569	0.27	0.879
SRP181886	30	0.5	0.5	10	0.980382104380919	0.985611257539414	0.990193552500484	0.377246273138341	0.495710706794479	0.540046067785456	0.276637051661731	0.230174399473511	0.323	0.249	0.212	4643.8	1755.6	7.9	0.1	0.0196178956190806	0.0098064474995162	0.249075088316327	0.525	0.47	0.977
SRP181886	30	0.75	0.5	10	0.970012914003294	0.991043699076951	0.980191846522782	0.342353521674649	0.443704464999429	0.710529779532741	0.0453438631128661	0.033563672260612	0.274	0.137	0.116	6669.4	235.8	10	0	0.0299870859967056	0.0198081534772182	0.0279190256921218	0.253	0.73	1.057
