ERP006121	human	11
ERP013206	human	2
ERP022968	human	2
ERP105501	human	10
ERP115036	human	2
SRP026042	human	2
SRP042086	human	2
SRP042184	human	13
SRP045225	human	2
SRP047122	human	3
SRP049408	human	2
SRP049820	human	14
SRP052056	human	5
SRP060715	human	2
SRP065445	human	3
SRP070148	human	4
SRP072242	human	2
SRP081020	human	3
SRP096201	human	2
SRP106011	human	5
SRP113755	human	29
SRP118972	human	5
SRP121330	human	2
SRP124651	human	2
SRP131125	human	7
SRP144491	human	4
SRP150311	human	5
SRP154474	human	2
SRP155089	human	2
SRP162743	human	2
SRP162873	human	2
SRP163478	human	2
SRP170629	human	2
SRP175005	human	20
SRP187088	human	6
SRP189204	human	2
SRP197353	human	4
SRP198979	human	2
SRP215939	human	2
DRP003637	mouse	2
DRP004672	mouse	2
ERP006822	mouse	2
ERP013315	mouse	5
ERP021472	mouse	2
ERP109057	mouse	2
ERP109306	mouse	4
ERP115639	mouse	2
SRP017849	mouse	3
SRP020224	mouse	4
SRP023469	mouse	2
SRP034855	mouse	2
SRP037555	mouse	2
SRP042206	mouse	4
SRP042289	mouse	2
SRP049763	mouse	2
SRP052583	mouse	2
SRP053235	mouse	2
SRP058715	mouse	2
SRP061407	mouse	6
SRP061758	mouse	2
SRP061785	mouse	2
SRP061800	mouse	2
SRP061985	mouse	2
SRP064923	mouse	2
SRP064991	mouse	2
SRP065801	mouse	2
SRP067339	mouse	8
SRP067600	mouse	2
SRP069292	mouse	2
SRP070642	mouse	4
SRP070906	mouse	2
SRP070944	mouse	3
SRP072877	mouse	4
SRP073042	mouse	2
SRP073224	mouse	2
SRP074146	mouse	2
SRP075924	mouse	7
SRP076455	mouse	2
SRP077214	mouse	2
SRP082985	mouse	2
SRP090360	mouse	3
SRP090395	mouse	2
SRP091938	mouse	2
SRP093283	mouse	2
SRP093302	mouse	2
SRP093925	mouse	2
SRP094952	mouse	2
SRP095235	mouse	4
SRP095936	mouse	2
SRP096655	mouse	4
SRP096738	mouse	2
SRP097621	mouse	4
SRP098946	mouse	11
SRP099234	mouse	2
SRP106312	mouse	2
SRP106605	mouse	2
SRP111204	mouse	2
SRP115474	mouse	4
SRP116375	mouse	6
SRP116558	mouse	2
SRP117567	mouse	2
SRP117580	mouse	2
SRP118141	mouse	6
SRP118915	mouse	2
SRP123761	mouse	2
SRP125353	mouse	2
SRP125665	mouse	2
SRP125705	mouse	14
SRP126245	mouse	2
SRP126416	mouse	4
SRP126673	mouse	2
SRP129035	mouse	2
SRP131795	mouse	2
SRP132851	mouse	2
SRP132873	mouse	2
SRP133024	mouse	6
SRP136814	mouse	2
SRP144088	mouse	2
SRP148574	mouse	6
SRP150004	mouse	2
SRP151246	mouse	4
SRP151595	mouse	2
SRP151677	mouse	5
SRP151927	mouse	3
SRP153147	mouse	3
SRP154465	mouse	2
SRP154934	mouse	2
SRP156285	mouse	2
SRP158376	mouse	2
SRP158678	mouse	3
SRP158761	mouse	2
SRP159065	mouse	2
SRP160883	mouse	2
SRP162383	mouse	2
SRP164691	mouse	12
SRP165919	mouse	2
SRP167865	mouse	2
SRP171158	mouse	6
SRP173675	mouse	4
SRP173803	mouse	6
SRP181939	mouse	7
SRP182095	mouse	2
SRP185578	mouse	2
SRP185583	mouse	3
SRP185733	mouse	2
SRP186486	mouse	2
SRP188927	mouse	2
SRP198592	mouse	14
SRP199583	mouse	4
SRP200316	mouse	2
SRP201969	mouse	2
SRP211825	mouse	2
SRP212955	mouse	2
SRP216087	mouse	7
SRP217860	mouse	2
SRP218851	mouse	2
SRP220131	mouse	4
SRP225503	mouse	4
SRP233206	mouse	5
