organism	cls	set	n_studies	n_median	n_q1	n_q3	n_min	n_max	pct_n_lt12	pct_n_ge20	pct_n_ge40
human	balanced	all_valid_mixed_sex	175	29	18	61	8	380	4	69.7142857142857	40.5714285714286
human	mildly_imbalanced	all_valid_mixed_sex	79	28	16	42	8	252	10.126582278481	64.5569620253165	31.6455696202532
human	partially_confounded	all_valid_mixed_sex	57	17	13	30	8	100	14.0350877192982	36.8421052631579	15.7894736842105
mouse	balanced	all_valid_mixed_sex	298	15	11	23	8	410	27.5167785234899	33.5570469798658	11.744966442953
mouse	mildly_imbalanced	all_valid_mixed_sex	159	10	8	15	8	50	52.8301886792453	13.8364779874214	1.88679245283019
mouse	partially_confounded	all_valid_mixed_sex	142	12	9	15	8	84	43.6619718309859	12.6760563380282	3.52112676056338
human	balanced	analysis_set	105	44	22	84	8	380	3.80952380952381	78.0952380952381	53.3333333333333
human	mildly_imbalanced	analysis_set	59	30	18.5	45	8	252	5.08474576271187	71.1864406779661	35.5932203389831
human	partially_confounded	analysis_set	39	19	13.5	38.5	8	100	12.8205128205128	46.1538461538462	23.0769230769231
mouse	balanced	analysis_set	233	16	12	24	8	410	23.6051502145923	39.9141630901288	13.7339055793991
mouse	mildly_imbalanced	analysis_set	117	12	9	16	8	50	48.7179487179487	17.0940170940171	2.56410256410256
mouse	partially_confounded	analysis_set	120	12	9	15	8	60	41.6666666666667	13.3333333333333	3.33333333333333
