organism	cls	model	n	0->0	0->pos	pos->0	pos->pos	M0_zero	pct_gain_given_M0zero	gain_lo	gain_hi	M0_pos	pct_loss_given_M0pos	loss_lo	loss_hi	mcnemar_p
human	balanced	M0perm_permuted_sex	175	67	3	4	101	70	4.28571428571429	1.46815410041114	11.8596687485275	105	3.80952380952381	1.49124593311076	9.38830212605463	1
human	balanced	M1_real_sex	175	68	2	0	105	70	2.85714285714286	0.787061194544123	9.8322561184239	105	0	0	3.52940769291099	0.5
human	mildly_imbalanced	M0perm_permuted_sex	79	18	2	1	58	20	10	2.78664812137682	30.1033645228487	59	1.69491525423729	0.299823391835564	8.9957259641423	1
human	mildly_imbalanced	M1_real_sex	79	18	2	0	59	20	10	2.78664812137682	30.1033645228487	59	0	0	6.11293705267884	0.5
human	partially_confounded	M0perm_permuted_sex	57	18	0	2	37	18	0	0	17.5879223646658	39	5.12820512820513	1.41779554152741	16.8856400476136	0.5
human	partially_confounded	M1_real_sex	57	16	2	5	34	18	11.1111111111111	3.10195226456124	32.7997651301788	39	12.8205128205128	5.60281753697139	26.7057433797455	0.453125
mouse	balanced	M0perm_permuted_sex	298	60	5	12	221	65	7.69230769230769	3.33035014951635	16.77593327011	233	5.15021459227468	2.97036237089606	8.78495232752086	0.143463134765625
mouse	balanced	M1_real_sex	298	58	7	5	228	65	10.7692307692308	5.31542195311278	20.6013135814498	233	2.14592274678112	0.920010304823525	4.92417714851128	0.7744140625
mouse	mildly_imbalanced	M0perm_permuted_sex	159	36	6	11	106	42	14.2857142857143	6.71596701596265	27.8410894744448	117	9.4017094017094	5.33104619397068	16.0535506760803	0.332305908203125
mouse	mildly_imbalanced	M1_real_sex	159	39	3	8	109	42	7.14285714285714	2.45904098733059	19.0094268011583	117	6.83760683760684	3.50517105675755	12.9142424577177	0.2265625
mouse	partially_confounded	M0perm_permuted_sex	142	20	2	9	111	22	9.09090909090909	2.52954289909953	27.8149468416058	120	7.5	3.99571153959603	13.6409176059938	0.0654296875
mouse	partially_confounded	M1_real_sex	142	20	2	10	110	22	9.09090909090909	2.52954289909953	27.8149468416058	120	8.33333333333333	4.58936503749297	14.6622321640657	0.03857421875
