organism	n_pubs	k_yes	k_unclear	pct_yes	pct_unclear	bound	theta_upper_pct	ceiling_pct
human	217	19	97	8.75576036866359	44.7004608294931	rule_of_three	21.4285714285714	18.3344305464121
human	217	19	97	8.75576036866359	44.7004608294931	exact_one_sided_95	19.2636175650135	17.3666861926558
human	217	19	97	8.75576036866359	44.7004608294931	exact_two_sided_95	23.1635761650117	19.1099856590144
human	217	19	97	8.75576036866359	44.7004608294931	wilson_two_sided_95	21.5310802737636	18.380252472604
human	217	19	97	8.75576036866359	44.7004608294931	all_unclear_adjusted	100	53.4562211981567
mouse	183	5	57	2.73224043715847	31.1475409836066	rule_of_three	21.4285714285714	9.40671350507416
mouse	183	5	57	2.73224043715847	31.1475409836066	exact_one_sided_95	19.2636175650135	8.73238361314629
mouse	183	5	57	2.73224043715847	31.1475409836066	exact_two_sided_95	23.1635761650117	9.94712481642439
mouse	183	5	57	2.73224043715847	31.1475409836066	wilson_two_sided_95	21.5310802737636	9.43864248964221
mouse	183	5	57	2.73224043715847	31.1475409836066	all_unclear_adjusted	100	33.879781420765
