organism	model	term	OR	lo	hi	p
human	class_only	clsmildly_imbalanced	0.743961352657005	0.343812383398203	1.60982710621625	0.452644774425938
human	class_only	clspartially_confounded	0.167755991447285	0.0377344460330108	0.745792654325506	0.0190104205074821
human	class+log_n+n_sv	clsmildly_imbalanced	0.732511246237896	0.333128393331565	1.61070847338714	0.438759504142698
human	class+log_n+n_sv	clspartially_confounded	0.165886577781985	0.0364872022381465	0.754192018028963	0.020065000432818
human	class+log_n+n_sv	log(n)	0.914761815936781	0.575778839915789	1.45331700626293	0.706027466861996
human	class+log_n+n_sv	n_sv	1.18340013777481	0.706737268894895	1.98155092100245	0.522001718741504
mouse	class_only	clsmildly_imbalanced	0.319354838710569	0.179603229901878	0.567848991711186	0.000101437407732457
mouse	class_only	clspartially_confounded	0.254571428571518	0.141425091571373	0.458239846443641	5.06581060948067e-06
mouse	class+log_n+n_sv	clsmildly_imbalanced	0.321172370197368	0.178017991931911	0.579445314817667	0.00016162386952543
mouse	class+log_n+n_sv	clspartially_confounded	0.257078411456571	0.140497149869842	0.470396087737435	1.05028058303429e-05
mouse	class+log_n+n_sv	log(n)	1.31553051654879	0.784985139531828	2.204653888102	0.297866222351801
mouse	class+log_n+n_sv	n_sv	0.863103664499746	0.685415481849877	1.08685600982099	0.210642430536651
