organism	nstr	cls	n_studies	n_median	nsv_median	r2_median	r2_q1	r2_q3	capture_r2_0.3	lo_0.3	hi_0.3	capture_r2_0.5	lo_0.5	hi_0.5	capture_r2_0.7	lo_0.7	hi_0.7
human	<12	balanced	3	11	2	0.254	0.154	0.5915	33.3333333333333	6.14919447203963	79.2340399197952	33.3333333333333	6.14919447203963	79.2340399197952	33.3333333333333	6.14919447203963	79.2340399197952
human	<12	mildly_imbalanced	2	10	2.5	0.0385	0.02375	0.05325	0	0	65.7619772493347	0	0	65.7619772493347	0	0	65.7619772493347
human	<12	partially_confounded	2	10.5	2.5	0.2935	0.21575	0.37125	50	9.45312057342307	90.5468794265769	0	0	65.7619772493347	0	0	65.7619772493347
human	12-19	balanced	19	15	4	0.234	0.1025	0.502	42.1052631578947	23.1418912824543	63.724096465745	26.3157894736842	11.8064123467825	48.7915508978151	15.7894736842105	5.52047163853414	37.5654752703291
human	12-19	mildly_imbalanced	14	14.5	4	0.3395	0.2465	0.53	57.1428571428571	32.5906445796507	78.6192010955259	28.5714285714286	11.7213786445769	54.6490843298932	7.14285714285714	1.27222152478909	31.4687044241511
human	12-19	partially_confounded	16	15.5	4	0.2365	0.13525	0.33875	37.5	18.4812325588636	61.3589594544973	6.25	1.11193447646425	28.3287375702989	0	0	19.3607680534436
human	20-39	balanced	26	27	5	0.348	0.21325	0.46725	53.8461538461539	35.4579387468588	71.2441464696088	23.0769230769231	11.0338494057833	42.0515540789437	15.3846153846154	6.15003372357836	33.5311993282135
human	20-39	mildly_imbalanced	21	28	5	0.336	0.248	0.534	57.1428571428571	36.5465543693067	75.530031074624	28.5714285714286	13.8138629521221	49.9563807160856	19.0476190476191	7.66756505276179	40.0005646902049
human	20-39	partially_confounded	9	31	5	0.161	0.069	0.217	11.1111111111111	1.98908876385449	43.4999705576656	11.1111111111111	1.98908876385449	43.4999705576656	0	0	29.9145048419544
human	>=40	balanced	56	80	5	0.2975	0.06025	0.57	50	37.3317388013623	62.6682611986377	26.7857142857143	16.9573054185017	39.5945559291552	12.5	6.18906869571712	23.6254765581901
human	>=40	mildly_imbalanced	21	55	5	0.09	0.036	0.224	23.8095238095238	10.6280130226365	45.0911736829508	9.52380952380952	2.65187674380745	28.9141390739183	4.76190476190476	0.845598780982637	22.6693600741226
human	>=40	partially_confounded	9	50	5	0.107	0.077	0.175	11.1111111111111	1.98908876385449	43.4999705576656	0	0	29.9145048419544	0	0	29.9145048419544
mouse	<12	balanced	21	10	2	0.577	0.194	0.945	66.6666666666667	45.3734519742553	82.8052473949165	57.1428571428571	36.5465543693067	75.530031074624	42.8571428571429	24.469968925376	63.4534456306933
mouse	<12	mildly_imbalanced	22	10	2	0.275	0.118	0.457	50	30.722106273725	69.277893726275	18.1818181818182	7.30688458342206	38.5166074371266	18.1818181818182	7.30688458342206	38.5166074371266
mouse	<12	partially_confounded	18	10	3	0.216	0.12325	0.436	38.8888888888889	20.3052465721636	61.3809583977621	16.6666666666667	5.83657680586145	39.2220381039157	11.1111111111111	3.10195226456124	32.7997651301788
mouse	12-19	balanced	85	14	3	0.522	0.244	0.84	65.8823529411765	55.3131385934688	75.078077803026	50.5882352941176	40.166435808549	60.9591647987286	36.4705882352941	27.0293190542477	47.0818669783678
mouse	12-19	mildly_imbalanced	40	14	3	0.201	0.08325	0.48875	37.5	24.2229791672333	52.9675608626989	25	14.1871186390963	40.193961420768	7.5	2.58360257745882	19.8642335243105
mouse	12-19	partially_confounded	54	13	3	0.185	0.08575	0.4925	37.037037037037	25.4233751916603	50.3725326477333	24.0740740740741	14.6442914952844	36.9475241835028	12.962962962963	6.42372074732626	24.4217302223698
mouse	20-39	balanced	61	24	4	0.443	0.218	0.805	60.655737704918	48.117252628979	71.9316485469629	44.2622950819672	32.5078055214829	56.6966323068561	29.5081967213115	19.5550187582761	41.8894020572204
mouse	20-39	mildly_imbalanced	17	25	4	0.282	0.168	0.506	47.0588235294118	26.1651064424095	69.0367649399956	29.4117647058824	13.2799896102952	53.1331100665398	17.6470588235294	6.191126637621	41.0294585688341
mouse	20-39	partially_confounded	12	25	4.5	0.1425	0.07775	0.32375	33.3333333333333	13.8120091091213	60.9377911127201	8.33333333333333	1.48650944049171	35.3879911141117	0	0	24.2494006655241
mouse	>=40	balanced	32	53.5	5	0.5685	0.166	0.9015	68.75	51.4333216990446	82.0474583663903	56.25	39.325591136852	71.8346688849596	43.75	28.1653311150404	60.674408863148
mouse	>=40	mildly_imbalanced	3	46	5	0.193	0.176	0.364	33.3333333333333	6.14919447203963	79.2340399197952	33.3333333333333	6.14919447203963	79.2340399197952	0	0	56.1497031755046
mouse	>=40	partially_confounded	4	46.5	5	0.345	0.207	0.503	50	15.003898915215	84.9961010847851	25	4.55872608097006	69.9358157417598	0	0	48.9890836454597
