study	n	obs	p03	p015	p_geq_obs	organism
ERP004043	24	0.0444444444444444	0.209920581504913	0.402846951137435	1	human
ERP006121	17	0.378787878787879	0.304298642533937	0.304298642533937	0.304298642533937	human
ERP010889	15	0.1	0.250749250749251	0.6003996003996	1	human
ERP010930	40	0.166666666666667	0.0534351481626231	0.347564160378398	0.347564160378398	human
ERP013206	19	0.514285714285714	0.33780529755762	0.602683178534572	0.110767113863089	human
ERP015831	14	0.1	0.244755244755245	0.580419580419581	1	human
ERP022260	17	0.192307692307692	0.237394957983193	0.584033613445378	0.584033613445378	human
ERP022906	13	0.225	0.265734265734266	0.592074592074592	0.592074592074592	human
ERP022968	8	0.5	0.485714285714286	0.485714285714286	0.485714285714286	human
ERP023272	49	0.075	0.00402912278221531	0.246718974576471	0.701939162602201	human
ERP104782	11	0.5	0.181818181818182	0.545454545454546	0.181818181818182	human
ERP104864	61	0.00555555555555554	0.0146377068498671	0.312242087325616	1	human
ERP105501	70	0.35	0.0769552205847233	0.29571732898646	0.0769552205847233	human
ERP106168	10	0.2	0.206349206349206	1	1	human
ERP106487	21	0.163636363636364	0.148606811145511	0.635117204776648	0.635117204776648	human
ERP106532	14	0.05	0.505494505494505	0.505494505494505	1	human
ERP109255	69	0.0873015873015873	0.00483799082142929	0.177546989041415	0.582227880855238	human
ERP109626	31	0.0916666666666667	0.0731727514850385	0.472547597169158	0.722393472194294	human
ERP110099	13	0.275	0.230769230769231	0.51048951048951	0.51048951048951	human
ERP113396	43	0.0288888888888889	0.0553662385318785	0.347526006557249	1	human
ERP114636	46	0.0434782608695652	0.0757676714797409	0.237984253654025	1	human
ERP114936	9	0.25	0	1	0.444444444444445	human
ERP115010	292	0.0119176041506138	8.16111567307243e-07	0.0143628302490313	0.902678396025123	human
ERP115036	20	0.5	0.34984520123839	0.34984520123839	0.0572755417956657	human
ERP116722	26	0.0190476190476191	0.121313469139556	0.616904834296139	1	human
SRP003726	14	0.142857142857143	0	0	1	human
SRP005279	33	0.145	0.224503095470838	0.438433276030607	0.68801848668367	human
SRP007584	23	0.0303030303030303	0.193027325346615	0.400323058285099	1	human
SRP008496	12	0.0571428571428572	0.151515151515152	0.46969696969697	1	human
SRP010181	124	0.0161290322580646	0.00105136736245911	0.0702237771882912	1	human
SRP015668	33	0.0183823529411765	0.0570263255469039	0.2587319243604	1	human
SRP017262	15	0.7	0.282051282051282	0.608391608391609	0.0256410256410257	human
SRP019994	60	0.0892857142857143	0	0.0548668573830837	0.359192838906149	human
SRP026042	13	0.625	0.564879564879565	0.564879564879565	0.0753690753690754	human
SRP026208	25	0.077922077922078	0.080976353928299	0.389168573607933	1	human
SRP027383	84	0.0216346153846154	0.00537102158483019	0.167189781450876	1	human
SRP027530	18	0.075	0.321266968325792	0.638009049773756	1	human
SRP032279	110	0.00638569604086847	0.0037386456204877	0.123302914007998	1	human
SRP032775	29	0.0380952380952381	0.13941976380231	0.462137352376444	1	human
SRP033095	15	0.0714285714285715	0.314685314685315	0.619269619269619	1	human
SRP033276	11	0.0666666666666667	0.545454545454546	0.545454545454546	1	human
SRP033725	21	0.0454545454545455	0.198380566801619	0.394855918075732	1	human
SRP034831	15	0.0555555555555555	0.142857142857143	0.485714285714286	1	human
SRP035524	10	0.2	0.166666666666667	1	1	human
SRP035988	173	0.0566290928609769	2.77500476921502e-05	0.0396285231763819	0.523834712801481	human
SRP036821	19	0.2	0	0.263157894736842	0.263157894736842	human
SRP036848	72	0.0285714285714286	0	0	0.486111111111111	human
SRP040622	13	0.0952380952380952	0.265734265734266	0.592074592074592	1	human
SRP041620	11	0.1	0.242424242424242	0.567099567099567	1	human
SRP042086	18	0.350649350649351	0.334841628959276	0.334841628959276	0.334841628959276	human
SRP042184	22	0.457142857142857	0.171826625386997	0.651702786377709	0.0743034055727554	human
SRP042228	260	0.0410659676714723	0.000125355232094651	0.0864242609018035	0.732872219554709	human
SRP043221	18	0.111111111111111	0.346935417523653	0.346935417523653	1	human
SRP043388	16	0.1	0.302447552447552	0.632867132867133	1	human
SRP044042	10	0.166666666666667	0	1	1	human
SRP044373	45	0.10472972972973	0.0826206960189107	0.404896262382007	0.672085695598249	human
SRP044668	54	0.0794912559618442	0.0351940649191095	0.372298293607342	0.766672497017679	human
SRP045225	60	0.333333333333333	0.20107159136351	0.403924507618869	0.20107159136351	human
SRP045500	8	0.25	0	1	1	human
SRP046233	14	0.541666666666667	0.300699300699301	0.58041958041958	0.090909090909091	human
SRP047122	19	0.386363636363636	0.169802333889021	0.649916646820671	0.169802333889021	human
SRP048801	259	0.00273378582202111	4.63332826302065e-05	0.0365967856913737	1	human
SRP049097	38	0.25	0.0940050661412891	0.309087866363408	0.309087866363408	human
SRP049408	27	0.55921052631579	0.208695652173913	0.677616747181965	0.0127536231884058	human
SRP049820	43	0.5	0.0679191470131484	0.278090205074009	0.0030031129936477	human
SRP050000	107	0.0450310559006212	0.00680867598102526	0.22827435433219	0.810540980871877	human
SRP050493	16	0.0833333333333333	0	0.25	1	human
SRP050971	15	0.214285714285714	0.314685314685314	0.608391608391608	0.608391608391608	human
SRP052056	22	0.527777777777778	0.263157894736842	0.564593301435407	0.076555023923445	human
SRP052896	21	0.2	0	0.476190476190476	0.214285714285714	human
SRP053296	31	0.279166666666667	0.0538021311924683	0.45779368380326	0.135051828924248	human
SRP055749	16	0.163636363636364	0.244505494505494	0.622252747252747	0.622252747252747	human
SRP056443	12	0.666666666666667	0.567099567099568	0.567099567099568	0.0800865800865801	human
SRP056477	16	0.25	0.131934731934732	0.61926961926962	0.61926961926962	human
SRP056696	55	0.26	0.0266939867383819	0.577819516776232	0.183784399100714	human
SRP056835	13	0.19047619047619	0.192307692307692	0.55944055944056	0.55944055944056	human
SRP056840	64	0.256410256410257	0.0434914476550788	0.50989347451851	0.184071022471058	human
SRP057350	37	0.133928571428571	0.0991480719971312	0.324544005242366	0.514813299540291	human
SRP057793	84	0.225	0.00712974543177623	0.181193586351897	0.0450832827436276	human
SRP058243	46	0.285714285714286	0.0374115267947422	0.55881361644759	0.237950792045838	human
SRP059039	252	0.176232485729113	0.000163117133935637	0.0742166164440564	0.0346537291342814	human
SRP059057	23	0.00769230769230767	0.168797953964194	0.650020191142819	1	human
SRP059172	150	0.227638917579013	2.85154842248529e-05	0.0348083739101502	0.00309513976415573	human
SRP059588	23	0.0692307692307693	0.0515319920354245	0.341288002615234	1	human
SRP060205	13	0.0952380952380952	0.265734265734266	0.592074592074592	1	human
SRP060715	15	0.4	0.0952380952380952	0.523809523809524	0.0952380952380952	human
SRP061286	19	0.214285714285714	0.14729697547035	0.633246010954989	0.633246010954989	human
SRP062025	24	0.0672268907563025	0.167048054919908	0.352148487159929	1	human
SRP062298	16	0.25	0.118881118881119	0.608391608391609	0.608391608391609	human
SRP062966	117	0.0606060606060606	5.93555108798651e-06	0.00502330254384828	0.58836851145564	human
SRP063006	22	0.15	0.0963773069036228	0.593984962406015	0.593984962406015	human
SRP063496	70	0.089080459770115	0.0471010035627434	0.315947794686246	0.739383428677951	human
SRP063838	9	0.05	0.444444444444445	0.444444444444445	1	human
SRP064431	12	0.125	0.0909090909090909	0.515151515151515	1	human
SRP064478	15	0.0714285714285715	0.314685314685315	0.619269619269619	1	human
SRP065232	25	0.0512820512820513	0.0968421052631579	0.410983981693364	1	human
SRP065445	12	0.514285714285714	0.242424242424242	1	0.242424242424242	human
SRP065812	32	0.206349206349206	0.124060550369976	0.446063258693234	0.266501426706002	human
SRP065865	20	0.1	0	0	1	human
SRP067631	18	0.25	0.131221719457014	0.619909502262444	0.619909502262444	human
SRP068591	30	0.285714285714286	0.118440779610195	0.439720139930035	0.235982008995502	human
SRP069976	41	0.254838709677419	0.040208136475976	0.231300932057936	0.231300932057936	human
SRP070148	50	0.32	0.0464799359747181	0.396103959450654	0.0464799359747181	human
SRP070710	22	0.0333333333333333	0.171826625386997	0.651702786377709	1	human
SRP071203	27	0.0833333333333333	0.0869565217391304	0.398067632850242	0.695652173913044	human
SRP071758	75	0.06	0.0168255791862227	0.188468146899914	0.793420933970199	human
SRP071965	355	0.0992578849721707	7.50040642443598e-09	0.00550660953636131	0.0604965471308871	human
SRP072242	11	0.5	0.109090909090909	0.490909090909091	0.109090909090909	human
SRP072463	11	0.107142857142857	0.109090909090909	0.490909090909091	1	human
SRP072492	45	0.07	0.0361432257154295	0.372583797871365	0.76661329679273	human
SRP072494	20	0.32967032967033	0.34984520123839	0.34984520123839	0.34984520123839	human
SRP072693	29	0.053921568627451	0.129747908000887	0.451498310994878	1	human
SRP073347	16	0.0833333333333333	0.261538461538462	0.584615384615385	1	human
SRP073382	36	0.0555555555555555	0.0354150113883151	0.488676307007786	1	human
SRP074349	218	0.0965353081195451	0.0147264631760501	0.234736664101496	0.477236781109982	human
SRP074581	28	0.0526315789473684	0	0	1	human
SRP074739	15	0.555555555555556	0.088911088911089	0.580419580419581	0.088911088911089	human
SRP074904	8	0.5	0.485714285714286	0.485714285714286	0.485714285714286	human
SRP076032	18	0.075	0.321266968325792	0.638009049773756	1	human
SRP076627	21	0.172727272727273	0.0902255639097744	0.586466165413534	0.586466165413534	human
SRP077046	102	0.202380952380952	0.00235684057639882	0.158686217215933	0.0696123860098456	human
SRP077708	22	0.283333333333333	0.0835573095635015	0.391283638961657	0.230531078828293	human
SRP078314	16	0.19047619047619	0.261538461538462	0.584615384615385	0.584615384615385	human
SRP078441	14	0.571428571428571	0.102564102564103	0.592074592074592	0.102564102564103	human
SRP078450	28	0.121212121212121	0.354143441099963	0.354143441099963	0.672984020810108	human
SRP081020	13	0.547619047619048	0.286130536130536	0.592074592074592	0.102564102564102	human
SRP081599	79	0.0239477503628448	0.00516907456430606	0.0967467212928796	1	human
SRP081605	45	0.166666666666667	0.0558578923810475	0.351683669104487	0.351683669104487	human
SRP086078	63	0.0272727272727273	0.00449346779514098	0.264233139244246	1	human
SRP086245	42	0.0952380952380952	0.0277826702146408	0.349886699961308	0.75573777744211	human
SRP089788	55	0.136363636363636	0.0893456996793715	0.313801540750321	0.504931163954944	human
SRP090282	16	0	0.131934731934732	0.61926961926962	1	human
SRP090460	27	0.00714285714285712	0.0418803418803418	0.545299145299145	1	human
SRP090552	14	0	0.102564102564103	0.592074592074593	1	human
SRP090633	10	0	0.523809523809524	0.523809523809524	1	human
SRP090799	52	0.180740740740741	0.0188930268702417	0.244849858640251	0.244849858640251	human
SRP092402	112	0.234432234432234	0.00613252668064415	0.220745882472616	0.0851412915389844	human
SRP092408	36	0.291666666666667	0.0756239685343919	0.471494252873563	0.147829687306884	human
SRP092501	12	0.125	0.222222222222222	0.575757575757576	1	human
SRP094553	42	0.187643020594966	0.0286498733716509	0.352302480184409	0.352302480184409	human
SRP094784	12	0.375	0.545454545454546	0.545454545454546	0.545454545454546	human
SRP095361	38	0.255555555555556	0.0471514025027592	0.511809047525061	0.188120150909724	human
SRP095491	19	0.0222222222222222	0.0866873065015478	0.58204334365325	1	human
SRP096201	9	0.55	0.523809523809524	0.523809523809524	0.206349206349207	human
SRP096757	245	0.0238095238095238	0.000533563988358844	0.0909959969231184	0.851424882734064	human
SRP098758	329	0.0520119863013698	4.976890313115e-06	0.0214252726036411	0.500365351703469	human
SRP099676	23	0.00833333333333333	0.0316205533596838	0.525691699604743	1	human
SRP099844	20	0	0.178895407997576	0.65628179869666	1	human
SRP100948	94	0.123199205166418	0.00377419122885124	0.182502728076175	0.27316198592334	human
SRP102186	46	0.071969696969697	0.00404410997520568	0.246988670244484	0.702110330584522	human
SRP102542	37	0.0233918128654971	0.0991480719971314	0.324544005242366	1	human
SRP103819	10	0	0.523809523809524	0.523809523809524	1	human
SRP106008	27	0.135714285714286	0.0913043478260869	0.283351913786697	0.579895949461167	human
SRP106011	78	0.607843137254902	0.00717691505503937	0.228162952087645	6.28469353274094e-08	human
SRP107025	189	0.100744416873449	5.87903413334845e-05	0.0468698326348887	0.221028576448497	human
SRP109111	86	0.220779220779221	0.0011035098200864	0.139880984843322	0.0259566927363949	human
SRP109781	51	0.0333333333333333	0.0159990971853478	0.234265375996709	1	human
SRP111640	30	0.339285714285714	0.141388411401455	0.464246617661241	0.0812551756457513	human
SRP112744	16	0	0	0.466666666666667	1	human
SRP112751	17	0.541666666666667	0.334841628959276	0.637186343068696	0.0497737556561086	human
SRP113226	14	0.266666666666667	0.300699300699301	0.580419580419581	0.580419580419581	human
SRP113245	44	0.0535714285714286	0.045082154215267	0.340115087603223	0.750679216587659	human
SRP113470	304	0.0333858267716535	8.6476857196782e-05	0.0581702452536381	0.75346197115561	human
SRP113755	44	0.35	0.00202293452435256	0.21724333522405	0.00202293452435256	human
SRP114567	8	0.25	0.142857142857143	1	1	human
SRP114762	18	0	0.131221719457014	0.619909502262444	1	human
SRP115011	80	0.128329297820823	0.00579886680536039	0.132872022625783	0.371063048581348	human
SRP115571	52	0	0.0514104778180866	0.252903422883066	1	human
SRP115911	12	0.0571428571428572	0.151515151515152	0.46969696969697	1	human
SRP116272	110	0.0584968530174009	0.00191646623818856	0.079664976125688	0.6631645501638	human
SRP116937	12	0.171428571428571	0.242424242424242	1	1	human
SRP117020	127	0.140793010752688	0.000792039982875676	0.103679261970649	0.162912676986431	human
SRP118972	12	0.5	0.181818181818182	1	0.181818181818182	human
SRP119122	29	0.297979797979798	0.0280859570214892	0.435359243455195	0.109645177411294	human
SRP119561	22	0.0166666666666667	0	0.48051948051948	1	human
SRP119636	42	0.254545454545455	0.0487760882779738	0.337614378533828	0.108045598163344	human
SRP119676	60	0.0333333333333333	0.0378872128952835	0.301467123226751	1	human
SRP121330	16	0.436363636363636	0.282051282051282	0.282051282051282	0.282051282051282	human
SRP124651	13	0.55	0.265734265734266	0.592074592074592	0.102564102564103	human
SRP125233	25	0.292207792207792	0.0463768115942029	0.340579710144928	0.133333333333333	human
SRP125882	40	0.0199430199430199	0.0914623605808256	0.313953942819349	1	human
SRP126056	50	0.188405797101449	0.021013570078989	0.251961680769486	0.251961680769486	human
SRP126422	8	0.25	0.142857142857143	1	1	human
SRP126580	28	0.192513368983957	0.121150702844067	0.440950201590934	0.440950201590934	human
SRP126582	42	0.264423076923077	0.055477301007565	0.354476156071424	0.121161260014729	human
SRP126583	31	0.175	0.11338524286244	0.433147942157953	0.433147942157953	human
SRP126623	22	0.291666666666667	0.16187527642636	0.646174259177355	0.347633790358249	human
SRP126691	103	0.0603773584905661	0.000955512802093409	0.101685091174217	0.546808010628349	human
SRP127180	14	0.0416666666666667	0.300699300699301	0.58041958041958	1	human
SRP129004	226	0.0936893203883495	0.00917877627184651	0.159719061722199	0.485418623777159	human
SRP131125	14	0.333333333333333	0.300699300699301	0.58041958041958	0.300699300699301	human
SRP132197	18	0	0	0.470588235294118	1	human
SRP132699	25	0	0.120553359683794	0.614624505928854	1	human
SRP132709	28	0.0714285714285715	0.103188405797102	0.419710144927537	1	human
SRP132711	15	0.1	0.282051282051282	0.608391608391609	1	human
SRP132939	50	0.117647058823529	0	0	0.111020408163265	human
SRP132992	10	0.416666666666667	0.523809523809524	0.523809523809524	0.523809523809524	human
SRP133205	21	0.1	0.31077694235589	0.635117204776647	1	human
SRP133303	14	0	0.06993006993007	0.55944055944056	1	human
SRP133393	12	0.166666666666667	0.181818181818182	1	1	human
SRP133442	62	0.0702341137123746	0.0160875567470755	0.184441053408391	0.60899894038679	human
SRP133849	8	0	0.428571428571429	0.428571428571429	1	human
SRP134018	36	0.11371237458194	0.0731776047460141	0.285854241338112	0.722960697070819	human
SRP134188	18	0.1	0.34156040038393	0.34156040038393	1	human
SRP135671	25	0.136363636363636	0.115994750302867	0.434660115762552	0.688745456992866	human
SRP136102	60	0.00444938820912122	0	0	1	human
SRP136195	20	0.4	0.086687306501548	0.582043343653251	0.086687306501548	human
SRP136239	24	0.222222222222222	0.128770542958186	0.621385479509049	0.621385479509049	human
SRP136742	80	0.126620900076278	0.0249183745846297	0.216168740436328	0.332808928081569	human
SRP136938	42	0.145882352941176	0.050361981939073	0.352780475979694	0.518430811195129	human
SRP140711	13	0.714285714285714	0.265734265734266	0.592074592074592	0.020979020979021	human
SRP140795	26	0.154761904761905	0.237743976309059	0.695097590523624	0.695097590523624	human
SRP140945	20	0	0.178895407997576	0.65628179869666	1	human
SRP141180	22	0.196581196581197	0.115857826384142	0.609022556390977	0.360218728639781	human
SRP143467	14	0.0833333333333334	0.208791208791209	0.538461538461539	1	human
SRP144003	26	0.1	0.347826086956522	0.347826086956522	1	human
SRP144491	38	0.322222222222222	0.101353991309014	0.327548257257597	0.0584961303924405	human
SRP144583	37	0.0789473684210527	0.0488531116862113	0.329980270793735	0.745854585473485	human
SRP144647	44	0	0.0305355360502663	0.357976754661922	1	human
SRP148556	36	0.0555555555555556	0.0409118021634345	0.499792039464139	1	human
SRP149374	88	0.1875	0.134169476059837	0.460144759039909	0.460144759039909	human
SRP149847	31	0.276315789473684	0.0596102870223874	0.262330677978983	0.15814535128749	human
SRP149978	92	0.0217391304347826	0.00177450667680636	0.185295101555864	1	human
SRP150311	43	0.313725490196078	0.132816764843513	0.455436385310703	0.132816764843513	human
SRP150313	16	0.125	0.314685314685315	0.314685314685315	1	human
SRP150382	15	0.1	0.282051282051282	0.608391608391609	1	human
SRP150595	39	0.186842105263158	0.0483720650572708	0.320265760755193	0.320265760755193	human
SRP150872	122	0.0800123571207908	0	0.00472752206583819	0.143002831472336	human
SRP151425	44	0.267990074441687	0.0225944608215891	0.459182045726231	0.13469127316197	human
SRP151960	16	0.233333333333333	0.299450549450549	0.587912087912088	0.587912087912088	human
SRP152983	12	0.0285714285714286	0.558080808080808	0.558080808080808	1	human
SRP154474	15	0.722222222222222	0.286713286713287	0.622377622377622	0.010989010989011	human
SRP154573	31	0.100840336134454	0.0731727514850385	0.4794877603643	0.722393472194293	human
SRP154984	34	0.138888888888889	0.0662958843159066	0.274304783092325	0.476751946607342	human
SRP155089	9	0.4	0.444444444444445	0.444444444444445	0.444444444444445	human
SRP155363	45	0.0227272727272727	0.0552041039146995	0.253601125536979	1	human
SRP155976	146	0.0410628019323672	0.000325311357005459	0.0742687387476794	0.721758890903028	human
SRP156049	24	0.00699300699300703	0.217326404245909	0.682393323462108	1	human
SRP156394	30	0.0135746606334842	0.0416791604197901	0.229265367316342	1	human
SRP156952	12	0.166666666666667	0.181818181818182	1	1	human
SRP158639	47	0.195238095238095	0.148016968080217	0.637697457330441	0.637697457330441	human
SRP158943	22	0.102564102564103	0.0460777612480399	0.333038478549315	0.655019902697922	human
SRP158994	12	0.333333333333333	0.454545454545455	0.454545454545455	0.454545454545455	human
SRP159264	30	0	0.0351824087956022	0.214759287023155	1	human
SRP162073	13	0.119047619047619	0.192307692307692	0.55944055944056	1	human
SRP162125	147	0.026771653543307	0.00201904098881082	0.0521471692552336	1	human
SRP162411	28	0.025	0.193675889328063	0.669200364852539	1	human
SRP162492	88	0.136363636363636	0.0117946751625221	0.212289121036592	0.317194823612684	human
SRP162500	29	0.0238095238095238	0.214759287023155	0.426986506746627	1	human
SRP162743	16	0.363636363636364	0.244505494505495	0.546703296703297	0.244505494505495	human
SRP162873	31	0.545454545454545	0.065819979056909	0.382606640671157	0.000627477824363254	human
SRP163173	90	0.0212765957446809	0	0	1	human
SRP163478	10	0.8	0.523809523809524	0.523809523809524	0.0476190476190476	human
SRP165679	85	0.121315192743764	0.00779510430495202	0.185997128256083	0.281598823951769	human
SRP166200	16	0.0833333333333333	0.244505494505495	0.546703296703297	1	human
SRP166889	29	0.233333333333333	0.128135932033983	0.449725137431284	0.263541913253899	human
SRP168038	15	0.2	0.282051282051282	0.608391608391609	0.608391608391609	human
SRP168251	160	0.206451612903226	0.158151142561488	0.648888729223828	0.648888729223828	human
SRP168357	14	0.55	0.220779220779221	1	0.0949050949050948	human
SRP169085	12	0.114285714285714	0.222222222222222	0.575757575757576	1	human
SRP169128	17	0.121212121212121	0.304298642533937	0.304298642533937	1	human
SRP169610	10	0.2	0	1	1	human
SRP170629	37	0.37202380952381	0.0357357357357358	0.489114030604575	0.0357357357357358	human
SRP172534	12	0.333333333333333	0.454545454545455	0.454545454545455	0.454545454545455	human
SRP173378	16	0.0317460317460317	0	0.475	1	human
SRP173379	19	0.0340909090909091	0	0.485380116959064	1	human
SRP173842	35	0.222222222222222	0	0.103896103896104	0.103896103896104	human
SRP174223	90	0.118097320940405	0.00607909849159816	0.174368008839793	0.366040675607719	human
SRP174668	54	0.0833333333333334	0.0040754583997214	0.244032151675319	0.701124986405911	human
SRP175005	41	0.426190476190476	0.0324653922214898	0.305763791995106	0.00362557679630852	human
SRP175171	18	0.444444444444444	0.0823529411764705	0.576470588235294	0.0823529411764705	human
SRP178454	13	0.175	0.216783216783217	1	0.608391608391609	human
SRP179061	40	0.2	0.112833775483096	0.343067224752188	0.343067224752188	human
SRP181114	16	0.125	0.282051282051282	0.282051282051282	1	human
SRP181886	289	0.0239399869536856	8.517360352116e-06	0.0272703776900149	0.783176302521087	human
SRP182096	48	0.15625	0.0541177059795252	0.350321075175444	0.350321075175444	human
SRP183071	380	0.113124252736135	8.07354819875637e-09	0.00406495657618527	0.0360393207303302	human
SRP183186	59	0.0576923076923077	0.0154021275440599	0.228013611594999	0.765903222010723	human
SRP185902	30	0.133333333333333	0.0655954788343702	0.2723034767446	0.715249186552235	human
SRP186138	36	0.196428571428571	0.0756399300206145	0.396769831403084	0.396769831403084	human
SRP186205	20	0.0549450549450549	0.113712590299278	0.612616099071207	1	human
SRP186450	30	0.25	0	0.315453384418902	0.1029374201788	human
SRP186882	18	0.0833333333333334	0.268207282913165	0.61484593837535	1	human
SRP187088	19	0.416666666666667	0.262125902992776	0.602683178534572	0.262125902992776	human
SRP188422	23	0.0333333333333333	0.193027325346615	0.666846143491722	1	human
SRP188973	14	0.208333333333333	0.244755244755245	0.580419580419581	0.580419580419581	human
SRP189204	19	0.6	0.140866873065015	0.628482972136223	0.0108359133126935	human
SRP191569	16	0	0.131934731934732	0.61926961926962	1	human
SRP192714	89	0.0364004044489383	0.0055197991740446	0.137238284160979	0.832215375506639	human
SRP192825	23	0.189393939393939	0.0931677018633541	0.590062111801242	0.316770186335404	human
SRP193374	111	0.213953488372093	0.00232743256871499	0.110298640832721	0.0339055145945706	human
SRP193940	20	0	0.178895407997576	0.65628179869666	1	human
SRP197353	39	0.408571428571429	0.0326617930603439	0.303918113624978	0.0130187207908584	human
SRP198379	29	0.0336538461538461	0.0476190476190476	0.343185550082102	1	human
SRP198979	100	0.5	0.00015039022131623	0.0382404739753327	4.46614141930661e-10	human
SRP200059	19	0.0113636363636364	0.14729697547035	0.633246010954989	1	human
SRP200094	17	0.0166666666666667	0.338235294117647	0.592760180995475	1	human
SRP201023	33	0.0807692307692308	0.0597850425436632	0.364418256937723	0.65879295898762	human
SRP212148	61	0.0292207792207793	0.0191120217523921	0.289169617026585	1	human
SRP212702	62	0.0167189132706374	0	0.0572510473811108	1	human
SRP212755	341	0.018523102310231	2.55148347784087e-07	0.0123583001995855	0.811810117220669	human
SRP212956	41	0.0652173913043478	0.0582215010257008	0.354959838429818	0.758180399667689	human
SRP215509	13	0.111111111111111	0	0.307692307692308	1	human
SRP215939	32	0.327272727272727	0.119023180717334	0.438236836916529	0.119023180717334	human
SRP216404	52	0.09375	0.0296887149201154	0.355871113394845	0.548899965406813	human
SRP216420	95	0.0285204991087344	0.00283031130414148	0.141027169676472	0.833893719880616	human
SRP217543	24	0.0833333333333334	0.0372670807453417	0.316770186335404	1	human
SRP217937	42	0.08	0	0	0.506387921022067	human
SRP218531	16	0.0476190476190477	0.307692307692308	0.596153846153846	1	human
SRP220251	61	0.138528138528139	0.0152736861314145	0.180984924841324	0.295939267013927	human
SRP221482	67	0.212018140589569	0.0267157830476462	0.271126113693447	0.166529425527384	human
DRP002295	25	0.05	0.288706945228684	0.562281197063806	1	mouse
DRP003637	12	0.333333333333333	0.545454545454546	0.545454545454546	0.545454545454546	mouse
DRP004672	60	0.75	0.01418208363347	0.177021226591707	1.48292952932554e-10	mouse
DRP004730	10	0.2	0.206349206349206	1	1	mouse
DRP004731	8	0.5	0.485714285714286	0.485714285714286	0.485714285714286	mouse
DRP005135	8	0.25	0	1	1	mouse
DRP005463	10	1	0.19047619047619	1	0.00476190476190476	mouse
ERP004369	12	0	0.545454545454546	0.545454545454546	1	mouse
ERP005175	10	0.166666666666667	0.19047619047619	1	1	mouse
ERP006813	20	0.0625	0.284829721362229	0.591331269349845	1	mouse
ERP006822	16	0.4	0.233516483516484	0.233516483516484	0.233516483516484	mouse
ERP009958	16	0.125	0.314685314685315	0.314685314685315	1	mouse
ERP012146	12	0.166666666666667	0.181818181818182	1	1	mouse
ERP013315	12	0.833333333333333	0.242424242424242	1	0.0151515151515152	mouse
ERP015152	10	0.2	0.166666666666667	1	1	mouse
ERP016751	15	0.0714285714285714	0.314685314685315	0.619269619269619	1	mouse
ERP020504	23	0.136363636363636	0.213756898640463	0.41364921254543	0.680172297752053	mouse
ERP020514	12	1	0.567099567099568	0.567099567099568	0.00216450216450217	mouse
ERP020735	16	0.125	0	0	1	mouse
ERP021472	14	0.666666666666667	0.244755244755245	0.580419580419581	0.014985014985015	mouse
ERP021891	8	0.25	0	1	1	mouse
ERP022432	8	0	0.428571428571429	0.428571428571429	1	mouse
ERP022747	9	0.1	0.523809523809524	0.523809523809524	1	mouse
ERP022752	8	0.25	0.142857142857143	1	1	mouse
ERP023283	8	0	0.428571428571429	0.428571428571429	1	mouse
ERP023452	12	0	0.567099567099568	0.567099567099568	1	mouse
ERP023507	12	0	0.545454545454546	0.545454545454546	1	mouse
ERP024052	9	0.6	0.523809523809524	1	0.166666666666667	mouse
ERP104373	12	0	0.454545454545455	0.454545454545455	1	mouse
ERP104759	8	0.25	0.142857142857143	1	1	mouse
ERP105638	21	0.0181818181818182	0.0902255639097744	0.586466165413534	1	mouse
ERP106455	16	0.25	0.118881118881119	0.608391608391609	0.608391608391609	mouse
ERP107948	26	0.277777777777778	0.0600937735033844	0.360163863596358	0.197201517018451	mouse
ERP108446	12	0.166666666666667	0.242424242424242	1	1	mouse
ERP109057	8	0.5	0.428571428571429	0.428571428571429	0.428571428571429	mouse
ERP109306	13	0.523809523809524	0.265734265734266	0.592074592074592	0.102564102564103	mouse
ERP109959	40	0	0.112833775483096	0.343067224752188	1	mouse
ERP110063	8	0	0.485714285714286	0.485714285714286	1	mouse
ERP111614	12	0	0.567099567099568	0.567099567099568	1	mouse
ERP112516	40	0.0499999999999999	0	0.230769230769231	1	mouse
ERP114372	25	0.0952380952380952	0.208054919908467	0.35484085708342	1	mouse
ERP114772	20	0.2	0.169802333889021	0.649916646820672	0.649916646820672	mouse
ERP115639	12	0.333333333333333	0.545454545454546	0.545454545454546	0.545454545454546	mouse
ERP117312	36	0	0.094342595641522	0.317538601545698	1	mouse
SRP002811	8	0	0.485714285714286	0.485714285714286	1	mouse
SRP016859	20	0	0.169802333889021	0.649916646820672	1	mouse
SRP017560	15	0.111111111111111	0	0.4	1	mouse
SRP017849	23	0.6	0.107284020327499	0.568040654997177	0.00564652738565782	mouse
SRP018038	8	0.25	0.142857142857143	1	1	mouse
SRP018287	16	0	0.131934731934732	0.61926961926962	1	mouse
SRP018846	8	0.25	0	1	1	mouse
SRP020224	12	0.428571428571429	0.204545454545455	0.522727272727273	0.204545454545455	mouse
SRP020636	410	0.0104246001523229	1.97538079759402e-10	0.00134788755992594	0.837233671513953	mouse
SRP023469	8	0.5	0.485714285714286	0.485714285714286	0.485714285714286	mouse
SRP026667	14	0.285714285714286	0	0.461538461538462	0.461538461538462	mouse
SRP029912	8	0.25	0.142857142857143	1	1	mouse
SRP029939	10	0	0.523809523809524	0.523809523809524	1	mouse
SRP032458	8	0.25	0.142857142857143	1	1	mouse
SRP033501	8	0	0.428571428571429	0.428571428571429	1	mouse
SRP034855	23	0.466666666666667	0.181895683174456	0.345219593974474	0.0519789359471686	mouse
SRP035462	37	0.0161290322580645	0.17971217971218	0.65988065988066	1	mouse
SRP035523	12	0	0.545454545454546	0.545454545454546	1	mouse
SRP037555	12	0.833333333333333	0.242424242424242	1	0.0151515151515152	mouse
SRP038635	12	0.166666666666667	0.242424242424242	1	1	mouse
SRP039628	8	0.25	0	1	1	mouse
SRP040560	11	0.4	0.454545454545455	0.454545454545455	0.181818181818182	mouse
SRP041101	11	1	0.242424242424242	0.567099567099567	0.00216450216450216	mouse
SRP041584	11	1	0.242424242424242	0.567099567099567	0.00216450216450216	mouse
SRP042206	12	0.4	0.151515151515152	0.46969696969697	0.151515151515152	mouse
SRP042289	8	0.5	0.485714285714286	0.485714285714286	0.485714285714286	mouse
SRP042368	12	0	0.567099567099568	0.567099567099568	1	mouse
SRP043493	12	0	0.454545454545455	0.454545454545455	1	mouse
SRP043967	23	0.108333333333333	0.181895683174456	0.345219593974473	0.657019787319962	mouse
SRP045747	8	0	0.485714285714286	0.485714285714286	1	mouse
SRP045828	10	0.2	0	1	1	mouse
SRP047452	52	0.0470588235294118	0.0665250963739317	0.22371745338967	0.772118716374759	mouse
SRP048707	8	0	0.428571428571429	0.428571428571429	1	mouse
SRP049141	8	1	0.485714285714286	0.485714285714286	0.0285714285714286	mouse
SRP049219	60	0.0666666666666667	0.0190960568450634	0.195356224551557	0.79610715858958	mouse
SRP049763	26	0.535714285714286	0.113144433974963	0.431239736169067	0.0162336788262216	mouse
SRP050894	20	0.121212121212121	0.196808763991426	0.361848059061681	0.66992140985949	mouse
SRP051497	8	0	0.428571428571429	0.428571428571429	1	mouse
SRP052583	8	0.5	0.485714285714286	0.485714285714286	0.485714285714286	mouse
SRP052794	12	0.257142857142857	0.204545454545455	0.522727272727273	0.522727272727273	mouse
SRP053223	10	0	0.523809523809524	0.523809523809524	1	mouse
SRP053235	13	0.625	0.564879564879565	0.564879564879565	0.0753690753690754	mouse
SRP053389	16	0	0.131934731934732	0.61926961926962	1	mouse
SRP053396	47	0.0217391304347826	0.042219901719442	0.247648220251642	1	mouse
SRP053398	56	0	0.051054384017758	0.251558873978408	1	mouse
SRP053401	16	0	0.131934731934732	0.61926961926962	1	mouse
SRP055058	48	0	0.0422199017194422	0.386809339257325	1	mouse
SRP055082	8	0.25	0.142857142857143	1	1	mouse
SRP055521	20	0.1	0.34984520123839	0.34984520123839	1	mouse
SRP055571	15	0.0714285714285715	0.314685314685315	0.619269619269619	1	mouse
SRP056447	18	0.142857142857143	0.245098039215686	0.622549019607843	1	mouse
SRP056865	48	0	0.0392102599878655	0.38012904359539	1	mouse
SRP056980	8	0	0.428571428571429	0.428571428571429	1	mouse
SRP057563	12	0.25	0.0909090909090909	0.515151515151515	0.515151515151515	mouse
SRP057615	9	1	0.523809523809524	0.523809523809524	0.00793650793650794	mouse
SRP057815	12	0.333333333333333	0.454545454545455	0.454545454545455	0.454545454545455	mouse
SRP058363	8	0.25	0.142857142857143	1	1	mouse
SRP058378	10	0.2	0	1	1	mouse
SRP058506	11	0.0666666666666667	0.545454545454546	0.545454545454546	1	mouse
SRP058715	8	0.75	0.142857142857143	1	0.142857142857143	mouse
SRP059676	8	0.25	0	1	1	mouse
SRP060296	36	0	0.094342595641522	0.317538601545698	1	mouse
SRP060667	16	0.125	0.314685314685315	0.314685314685315	1	mouse
SRP061193	24	0	0.193027325346615	0.666846143491722	1	mouse
SRP061386	12	0.166666666666667	0.242424242424242	1	1	mouse
SRP061407	12	0.333333333333333	0.454545454545455	0.454545454545455	0.454545454545455	mouse
SRP061758	9	0.6	0.523809523809524	1	0.166666666666667	mouse
SRP061785	15	0.444444444444444	0.286713286713287	0.622377622377623	0.135664335664336	mouse
SRP061800	8	0.5	0.485714285714286	0.485714285714286	0.485714285714286	mouse
SRP061985	9	0.8	0.523809523809524	0.523809523809524	0.0476190476190477	mouse
SRP062238	8	0.25	0	1	1	mouse
SRP063269	23	0.0454545454545455	0.220346755142824	0.41364921254543	1	mouse
SRP063455	384	0.0155232305688233	2.42704565783434e-09	0.00419822037493801	0.838253963855017	mouse
SRP063574	8	1	0.485714285714286	0.485714285714286	0.0285714285714286	mouse
SRP064216	48	0	0.0422199017194422	0.386809339257325	1	mouse
SRP064223	9	0.05	0.444444444444445	0.444444444444445	1	mouse
SRP064245	48	0	0.0414635912900633	0.385159207411407	1	mouse
SRP064534	12	0	0.567099567099568	0.567099567099568	1	mouse
SRP064844	8	0.5	0.428571428571429	0.428571428571429	0.428571428571429	mouse
SRP064923	11	0.466666666666667	0.242424242424242	0.567099567099567	0.242424242424242	mouse
SRP064982	10	0.0833333333333333	0.5	0.5	1	mouse
SRP064991	12	0.333333333333333	0.545454545454546	0.545454545454546	0.545454545454546	mouse
SRP065536	10	0.25	0	1	0.4	mouse
SRP065571	16	0.125	0.282051282051282	0.282051282051282	1	mouse
SRP065767	29	0.128571428571429	0	0.0996168582375479	0.597701149425287	mouse
SRP065801	8	0.5	0.428571428571429	0.428571428571429	0.428571428571429	mouse
SRP065842	17	0.0142857142857143	0.100678733031674	0.592760180995475	1	mouse
SRP066097	18	0.1	0.34156040038393	0.34156040038393	1	mouse
SRP067243	11	0.0666666666666667	0.545454545454546	0.545454545454546	1	mouse
SRP067339	11	0.464285714285714	0.545454545454546	0.545454545454546	0.242424242424242	mouse
SRP067454	27	0.107954545454545	0.120111873887618	0.440071192473939	0.703567101897968	mouse
SRP067490	12	0.125	0.208080808080808	0.547474747474748	1	mouse
SRP067527	8	0.25	0.142857142857143	1	1	mouse
SRP067600	15	0.666666666666667	0.286713286713287	0.622377622377622	0.0277722277722278	mouse
SRP067752	12	0	0.567099567099568	0.567099567099568	1	mouse
SRP068384	15	0.0714285714285715	0.314685314685315	0.619269619269619	1	mouse
SRP068500	10	0	0.523809523809524	0.523809523809524	1	mouse
SRP068520	16	0	0.131934731934732	0.61926961926962	1	mouse
SRP068574	17	0.0555555555555556	0.153434800493624	0.637186343068696	1	mouse
SRP068744	8	0.5	0.428571428571429	0.428571428571429	0.428571428571429	mouse
SRP068777	12	0.333333333333333	0.567099567099568	0.567099567099568	0.567099567099568	mouse
SRP069292	8	0.5	0.428571428571429	0.428571428571429	0.428571428571429	mouse
SRP069772	14	0.142857142857143	0.192307692307692	0.192307692307692	1	mouse
SRP069809	8	0	0.485714285714286	0.485714285714286	1	mouse
SRP069812	10	0.2	0.166666666666667	1	1	mouse
SRP069873	10	0.2	0.166666666666667	1	1	mouse
SRP069979	8	0	0.485714285714286	0.485714285714286	1	mouse
SRP070188	15	0.111111111111111	0.235164835164835	0.604395604395604	1	mouse
SRP070440	12	0	0.545454545454546	0.545454545454546	1	mouse
SRP070571	8	0.25	0	1	1	mouse
SRP070642	15	0.5	0.0571428571428572	1	0.0571428571428572	mouse
SRP070673	92	0.0217391304347826	0.000814041447979616	0.158968950079423	1	mouse
SRP070767	48	0	0.0304765247259304	0.358723188981091	1	mouse
SRP070769	47	0.0333333333333333	0.0598842890150018	0.358723188981091	1	mouse
SRP070770	47	0.0333333333333333	0.0598842890150018	0.358723188981091	1	mouse
SRP070775	48	0	0.0304765247259304	0.358723188981091	1	mouse
SRP070906	12	0.657142857142857	0.558080808080808	0.558080808080808	0.0719696969696969	mouse
SRP070944	10	0.4	0.444444444444444	0.444444444444444	0.444444444444444	mouse
SRP071333	21	0.163636363636364	0.148606811145511	0.635117204776648	0.635117204776648	mouse
SRP072457	8	0	0.485714285714286	0.485714285714286	1	mouse
SRP072844	8	0.25	0.142857142857143	1	1	mouse
SRP072877	12	0.333333333333333	0.567099567099568	0.567099567099568	0.567099567099568	mouse
SRP073042	10	0.6	0.206349206349206	1	0.206349206349206	mouse
SRP073086	59	0.0517241379310345	0.0190960568450633	0.301467123226752	0.79610715858958	mouse
SRP073224	8	0.75	0.142857142857143	1	0.142857142857143	mouse
SRP073495	10	0.2	0.206349206349206	1	1	mouse
SRP073498	11	0.107142857142857	0.109090909090909	0.490909090909091	1	mouse
SRP073609	10	0	0.523809523809524	0.523809523809524	1	mouse
SRP074136	14	0.0888888888888888	0.10989010989011	0.505494505494506	1	mouse
SRP074146	22	0.4	0.171826625386997	0.651702786377709	0.0743034055727553	mouse
SRP074155	12	0	0.567099567099568	0.567099567099568	1	mouse
SRP075833	12	0.2	0	0.416666666666667	0.416666666666667	mouse
SRP075924	11	0.464285714285714	0.545454545454546	0.545454545454546	0.242424242424242	mouse
SRP076021	12	0.166666666666667	0	1	1	mouse
SRP076455	16	0.75	0.261538461538462	0.584615384615385	0.0192307692307692	mouse
SRP076866	10	0.2	0.166666666666667	1	1	mouse
SRP076940	12	0	0.567099567099568	0.567099567099568	1	mouse
SRP077095	9	0.25	0	1	0.444444444444445	mouse
SRP077214	9	0.35	0.523809523809524	0.523809523809524	0.523809523809524	mouse
SRP078061	12	0.166666666666667	0	1	1	mouse
SRP078062	10	0	0.444444444444444	0.444444444444444	1	mouse
SRP078250	16	0	0.118881118881119	0.608391608391609	1	mouse
SRP078270	12	0	0.545454545454546	0.545454545454546	1	mouse
SRP078380	32	0	0.0755974787332523	0.28897347657607	1	mouse
SRP079900	34	0.0491228070175438	0.067964404894327	0.451269086864192	1	mouse
SRP080864	12	0	0.567099567099568	0.567099567099568	1	mouse
SRP081004	16	0.166666666666667	0	0.375	0.375	mouse
SRP081089	21	0.117647058823529	0.0285714285714286	0.352380952380952	1	mouse
SRP082219	17	0.0694444444444444	0.334841628959276	0.637186343068696	1	mouse
SRP082273	9	0.15	0.523809523809524	1	1	mouse
SRP082367	12	0	0.567099567099568	0.567099567099568	1	mouse
SRP082985	12	0.5	0.242424242424242	1	0.242424242424242	mouse
SRP083850	10	0	0.523809523809524	0.523809523809524	1	mouse
SRP083914	56	0	0.0154064427979966	0.181018167942567	1	mouse
SRP087434	18	0.111111111111111	0.334841628959276	0.334841628959276	1	mouse
SRP089713	18	0.175	0.11764705882353	0.607843137254902	0.607843137254902	mouse
SRP089973	8	0.25	0.142857142857143	1	1	mouse
SRP090141	8	0	0.428571428571429	0.428571428571429	1	mouse
SRP090360	16	0.3	0.25	0.517857142857143	0.25	mouse
SRP090395	12	0.833333333333333	0.242424242424242	1	0.0151515151515152	mouse
SRP090476	8	0.25	0	1	1	mouse
SRP090477	12	0	0.567099567099568	0.567099567099568	1	mouse
SRP090770	9	0.1	0.523809523809524	0.523809523809524	1	mouse
SRP090822	12	0.333333333333333	0.545454545454546	0.545454545454546	0.545454545454546	mouse
SRP090922	12	0.166666666666667	0	1	1	mouse
SRP091722	19	0.142857142857143	0.0584795321637427	0.0584795321637427	0.590643274853801	mouse
SRP091938	16	0.375	0.314685314685315	0.314685314685315	0.314685314685315	mouse
SRP092451	35	0.173913043478261	0.00945378151260504	0.275210084033613	0.275210084033613	mouse
SRP092532	13	0.111111111111111	0	0.307692307692308	1	mouse
SRP092552	16	0.158730158730159	0.302447552447552	0.632867132867133	0.632867132867133	mouse
SRP092799	12	0	0.567099567099568	0.567099567099568	1	mouse
SRP093283	9	0.35	0.523809523809524	0.523809523809524	0.523809523809524	mouse
SRP093288	42	0	0.0293662585883117	0.354298124716534	1	mouse
SRP093302	15	0.3	0.580419580419581	0.580419580419581	0.580419580419581	mouse
SRP093326	10	1	0.206349206349206	1	0.00793650793650794	mouse
SRP093645	22	0.566666666666667	0.191950464396285	0.665634674922601	0.0114993365767359	mouse
SRP093925	13	0.375	0.230769230769231	0.51048951048951	0.230769230769231	mouse
SRP094057	10	0	0.523809523809524	0.523809523809524	1	mouse
SRP094656	8	0.25	0	1	1	mouse
SRP094853	15	0.277777777777778	0.088911088911089	0.580419580419581	0.580419580419581	mouse
SRP094952	10	0.4	0.523809523809524	0.523809523809524	0.523809523809524	mouse
SRP095064	18	0.111111111111111	0.346935417523653	0.346935417523653	1	mouse
SRP095235	12	0.666666666666667	0.567099567099568	0.567099567099568	0.0800865800865801	mouse
SRP095617	8	0.25	0.142857142857143	1	1	mouse
SRP095855	15	0.285714285714286	0	0.466666666666667	0.2	mouse
SRP095936	8	0.5	0.428571428571429	0.428571428571429	0.428571428571429	mouse
SRP096052	15	0.0909090909090909	0	0.266666666666667	1	mouse
SRP096113	9	0.1	0.523809523809524	0.523809523809524	1	mouse
SRP096655	8	0.5	0.428571428571429	0.428571428571429	0.428571428571429	mouse
SRP096738	8	0.5	0.428571428571429	0.428571428571429	0.428571428571429	mouse
SRP096963	11	0.166666666666667	0	1	1	mouse
SRP097585	12	0	0.567099567099568	0.567099567099568	1	mouse
SRP097621	9	0.5	0.444444444444445	0.444444444444445	0.166666666666667	mouse
SRP098045	36	0.166666666666667	0.0333769547863639	0.397421972125892	0.397421972125892	mouse
SRP098205	8	0.25	0.142857142857143	1	1	mouse
SRP098725	30	0.266666666666667	0	0.0996168582375479	0.0996168582375479	mouse
SRP098816	21	0	0.119582043343653	0.612616099071208	1	mouse
SRP098946	33	0.388888888888889	0.0577192551608569	0.562663421117259	0.0577192551608569	mouse
SRP099194	12	0	0.567099567099568	0.567099567099568	1	mouse
SRP099234	15	0.357142857142857	0.282051282051282	0.608391608391609	0.282051282051282	mouse
SRP099448	28	0.291666666666667	0.0542378965316103	0.251859828599632	0.251859828599632	mouse
SRP099592	32	0	0.0755974787332523	0.28897347657607	1	mouse
SRP099973	8	0.25	0.142857142857143	1	1	mouse
SRP100466	63	0.116935483870968	0.0141275152689961	0.176863804524216	0.418962685546505	mouse
SRP100848	8	1	0.485714285714286	0.485714285714286	0.0285714285714286	mouse
SRP100979	12	0	0.545454545454546	0.545454545454546	1	mouse
SRP101363	8	0.25	0.142857142857143	1	1	mouse
SRP101444	8	0	0.485714285714286	0.485714285714286	1	mouse
SRP101453	10	0	0.523809523809524	0.523809523809524	1	mouse
SRP101460	16	0	0.131934731934732	0.61926961926962	1	mouse
SRP101501	12	0.5	0.181818181818182	1	0.181818181818182	mouse
SRP101577	10	0.2	0.166666666666667	1	1	mouse
SRP101579	9	0.25	0	1	0.444444444444445	mouse
SRP101746	16	0.375	0.314685314685315	0.314685314685315	0.314685314685315	mouse
SRP101878	12	0	0.454545454545455	0.454545454545455	1	mouse
SRP101985	15	0.0178571428571429	0	0.466666666666667	1	mouse
SRP102241	23	0.133928571428571	0.193027325346615	0.37070938215103	0.666846143491722	mouse
SRP102454	69	0.0142857142857143	0.0162172411940688	0.231624025541221	1	mouse
SRP103117	8	0.25	0	1	1	mouse
SRP103922	8	0	0.485714285714286	0.485714285714286	1	mouse
SRP103932	22	0.0909090909090909	0.0861089375021263	0.394855918075732	1	mouse
SRP104179	14	0.0888888888888888	0.10989010989011	0.505494505494506	1	mouse
SRP105166	17	0.128571428571429	0.304298642533937	0.304298642533937	0.643665158371041	mouse
SRP105208	8	1	0.485714285714286	0.485714285714286	0.0285714285714286	mouse
SRP106312	11	0.3	0.545454545454546	0.545454545454546	0.545454545454546	mouse
SRP106484	8	0	0.485714285714286	0.485714285714286	1	mouse
SRP106605	40	0.870967741935484	0.037828947368421	0.43707639528073	2.61484394611329e-06	mouse
SRP106863	12	0.25	0.208080808080808	0.547474747474748	0.547474747474748	mouse
SRP106915	11	0.142857142857143	0	0.363636363636364	1	mouse
SRP107001	16	0.0158730158730158	0.126223776223776	0.61451048951049	1	mouse
SRP107211	8	0.25	0	1	1	mouse
SRP107214	8	0.25	0.142857142857143	1	1	mouse
SRP107800	8	0.25	0	1	1	mouse
SRP108079	14	0	0.102564102564103	0.592074592074592	1	mouse
SRP108489	8	0	0.485714285714286	0.485714285714286	1	mouse
SRP108495	20	0.1	0.369849964277209	0.369849964277209	1	mouse
SRP108497	25	0.0448717948717949	0.110701305693902	0.428307982231794	1	mouse
SRP108593	15	0.166666666666667	0.286713286713287	0.622377622377622	0.622377622377622	mouse
SRP108622	16	0	0.131934731934732	0.61926961926962	1	mouse
SRP108766	15	0.0714285714285715	0.314685314685315	0.619269619269619	1	mouse
SRP108808	9	0.25	0	1	0.444444444444445	mouse
SRP109283	10	0.0833333333333333	0.5	0.5	1	mouse
SRP109807	10	0.2	0.166666666666667	1	1	mouse
SRP110495	23	0.143939393939394	0.193027325346615	0.400323058285099	0.666846143491721	mouse
SRP110981	14	0.166666666666667	0.277389277389277	0.627039627039627	0.627039627039627	mouse
SRP111204	13	0.3	0.564879564879565	0.564879564879565	0.564879564879565	mouse
SRP111291	8	0	0.485714285714286	0.485714285714286	1	mouse
SRP111520	132	0.0904071773636991	0.000859940381553624	0.116446415922452	0.383646335436639	mouse
SRP111981	14	0	0.102564102564103	0.592074592074592	1	mouse
SRP112747	13	0.0714285714285715	0.286130536130536	0.592074592074592	1	mouse
SRP113528	8	0	0.428571428571429	0.428571428571429	1	mouse
SRP113541	10	0.2	0.166666666666667	1	1	mouse
SRP113605	81	0.0201465201465201	0	0	1	mouse
SRP113655	24	0.25	0.0995327192661962	0.41364921254543	0.41364921254543	mouse
SRP113777	32	0.0627450980392157	0.155613477924309	0.4794877603643	1	mouse
SRP114498	10	0.2	0.166666666666667	1	1	mouse
SRP114759	10	0	0.523809523809524	0.523809523809524	1	mouse
SRP114953	10	0.2	0.166666666666667	1	1	mouse
SRP114994	55	0.0297619047619048	0.111733746583913	0.436299303113954	1	mouse
SRP115189	30	0	0	0	1	mouse
SRP115474	12	0.333333333333333	0.454545454545455	0.454545454545455	0.454545454545455	mouse
SRP115833	8	0.25	0.142857142857143	1	1	mouse
SRP115984	8	0	0.485714285714286	0.485714285714286	1	mouse
SRP116137	35	0.0294117647058824	0.0943425956415216	0.317538601545698	1	mouse
SRP116375	12	0.333333333333333	0.567099567099568	0.567099567099568	0.567099567099568	mouse
SRP116558	8	0.5	0.485714285714286	0.485714285714286	0.485714285714286	mouse
SRP116898	10	1	0.206349206349206	1	0.00793650793650794	mouse
SRP117060	9	0.25	0	1	0.444444444444445	mouse
SRP117567	12	0.833333333333333	0.242424242424242	1	0.0151515151515152	mouse
SRP117580	15	0.428571428571429	0.2	0.569230769230769	0.0769230769230769	mouse
SRP117703	11	0.5	0.181818181818182	0.545454545454545	0.181818181818182	mouse
SRP117757	8	0	0.428571428571429	0.428571428571429	1	mouse
SRP117955	15	0.111111111111111	0.286713286713287	0.622377622377623	1	mouse
SRP117958	10	0.2	0.206349206349206	1	1	mouse
SRP118141	19	0.688888888888889	0.178895407997575	0.656281798696659	0.00547749464158133	mouse
SRP118346	16	0	0.131934731934732	0.61926961926962	1	mouse
SRP118401	16	0	0.131934731934732	0.61926961926962	1	mouse
SRP118915	9	0.3	0.523809523809524	1	0.523809523809524	mouse
SRP119123	14	0.25	0.244755244755245	0.580419580419581	0.580419580419581	mouse
SRP119667	12	0.285714285714286	0.151515151515152	0.46969696969697	0.46969696969697	mouse
SRP119675	12	0	0.567099567099568	0.567099567099568	1	mouse
SRP119845	19	0.159090909090909	0.0577915376676987	0.545923632610939	0.545923632610939	mouse
SRP119934	14	0.0833333333333333	0.208791208791209	0.538461538461539	1	mouse
SRP120038	15	0.0714285714285714	0.314685314685315	0.619269619269619	1	mouse
SRP120168	8	0	0.485714285714286	0.485714285714286	1	mouse
SRP120384	13	1	0.564879564879565	0.564879564879565	0.000777000777000777	mouse
SRP121631	20	0	0.178895407997576	0.65628179869666	1	mouse
SRP121790	17	0.277777777777778	0.131221719457014	0.619909502262444	0.334841628959276	mouse
SRP123512	12	0	0.567099567099568	0.567099567099568	1	mouse
SRP123761	12	0.333333333333333	0.567099567099568	0.567099567099568	0.567099567099568	mouse
SRP124300	11	0.6	0.181818181818182	0.545454545454546	0.0606060606060606	mouse
SRP124639	9	0.1	0.523809523809524	0.523809523809524	1	mouse
SRP124677	19	0.0333333333333333	0.303405572755418	0.582043343653251	1	mouse
SRP124835	9	0.25	0	1	0.444444444444445	mouse
SRP124979	8	0.25	0	1	1	mouse
SRP125082	17	0.180555555555556	0.153434800493624	0.637186343068696	0.637186343068696	mouse
SRP125225	24	0.0833333333333334	0.0995327192661962	0.41364921254543	1	mouse
SRP125336	22	0.183333333333333	0.19838056680162	0.669921409859491	0.669921409859491	mouse
SRP125353	10	0.416666666666667	0.523809523809524	0.523809523809524	0.523809523809524	mouse
SRP125665	11	0.571428571428571	0.193939393939394	1	0.193939393939394	mouse
SRP125705	49	0.378378378378378	0.0229725950696393	0.466090643874745	0.0229725950696393	mouse
SRP125804	10	0.2	0	1	1	mouse
SRP126161	9	0.1	0.523809523809524	0.523809523809524	1	mouse
SRP126245	14	0.714285714285714	0.265734265734266	0.265734265734266	0.020979020979021	mouse
SRP126349	8	0	0.485714285714286	0.485714285714286	1	mouse
SRP126416	8	0.5	0.428571428571429	0.428571428571429	0.428571428571429	mouse
SRP126545	14	0.125	0.277389277389277	0.627039627039627	1	mouse
SRP126565	15	0.113636363636364	0.230769230769231	0.560439560439561	1	mouse
SRP126673	8	0.5	0.428571428571429	0.428571428571429	0.428571428571429	mouse
SRP126777	8	0.25	0.142857142857143	1	1	mouse
SRP127005	10	0	0.523809523809524	0.523809523809524	1	mouse
SRP127264	29	0.116666666666667	0.1059107808733	0.422288855572214	0.694152923538231	mouse
SRP127681	9	0.1	0.523809523809524	0.523809523809524	1	mouse
SRP128068	10	0.2	0.166666666666667	1	1	mouse
SRP128271	20	0	0.178895407997576	0.65628179869666	1	mouse
SRP128506	12	0	0.567099567099568	0.567099567099568	1	mouse
SRP128596	23	0.0846153846153845	0.0743034055727554	0.378785839278503	1	mouse
SRP128899	22	0.0909090909090909	0.0804953560371517	0.386996904024768	1	mouse
SRP129020	52	0.0384615384615384	0.0245225794830633	0.263966644695779	1	mouse
SRP129035	16	0.75	0.118881118881119	0.608391608391609	0.00699300699300699	mouse
SRP131055	9	0.15	0.523809523809524	1	1	mouse
SRP131118	10	0.2	0.206349206349206	1	1	mouse
SRP131203	12	0.166666666666667	0	1	1	mouse
SRP131336	12	0	0.567099567099568	0.567099567099568	1	mouse
SRP131795	12	0.5	0.222222222222222	0.575757575757576	0.222222222222222	mouse
SRP131850	13	0.119047619047619	0.192307692307692	0.55944055944056	1	mouse
SRP131855	24	0.166666666666667	0.193027325346615	0.666846143491722	0.666846143491722	mouse
SRP131877	31	0.153846153846154	0	0.167741935483871	0.167741935483871	mouse
SRP131916	12	0.5	0.242424242424242	1	0.242424242424242	mouse
SRP131949	30	0.2	0	0.224137931034483	0.224137931034483	mouse
SRP132283	13	0.238095238095238	0.286130536130536	0.592074592074592	0.592074592074592	mouse
SRP132471	10	0	0.523809523809524	0.523809523809524	1	mouse
SRP132851	9	0.5	0.444444444444445	0.444444444444445	0.166666666666667	mouse
SRP132854	11	0.0666666666666667	0.545454545454546	0.545454545454546	1	mouse
SRP132873	11	0.714285714285714	0.545454545454546	0.545454545454546	0.0606060606060606	mouse
SRP132932	11	0.0714285714285715	0.545454545454546	0.545454545454546	1	mouse
SRP132997	31	0.0170940170940171	0.0668635122167269	0.274942223285641	1	mouse
SRP133024	12	0.333333333333333	0.545454545454546	0.545454545454546	0.545454545454546	mouse
SRP133158	14	0.285714285714286	0	0.461538461538462	0.461538461538462	mouse
SRP133169	13	0.222222222222222	0.0769230769230769	0.538461538461539	0.538461538461539	mouse
SRP133375	24	0.104895104895105	0	0.222826086956522	0.576086956521739	mouse
SRP133512	8	0.25	0.142857142857143	1	1	mouse
SRP133781	8	0.25	0.142857142857143	1	1	mouse
SRP134051	14	0.0416666666666666	0.300699300699301	0.58041958041958	1	mouse
SRP134375	15	0.204545454545455	0.235164835164835	0.604395604395605	0.604395604395605	mouse
SRP136322	9	0.05	0.444444444444445	0.444444444444445	1	mouse
SRP136494	12	0	0.567099567099568	0.567099567099568	1	mouse
SRP136714	24	0	0.220346755142825	0.684272652909078	1	mouse
SRP136814	8	0.75	0.142857142857143	1	0.142857142857143	mouse
SRP139542	20	0.121212121212121	0.196808763991426	0.361848059061681	0.66992140985949	mouse
SRP139918	18	0	0.153434800493624	0.637186343068696	1	mouse
SRP140499	12	0	0.567099567099568	0.567099567099568	1	mouse
SRP141266	16	0	0.131934731934732	0.61926961926962	1	mouse
SRP144088	8	0.5	0.428571428571429	0.428571428571429	0.428571428571429	mouse
SRP144211	16	0.125	0	0	1	mouse
SRP144690	8	0	0.428571428571429	0.428571428571429	1	mouse
SRP145067	27	0.0117647058823529	0.223798627002289	0.447546402237478	1	mouse
SRP145604	10	0.2	0.206349206349206	1	1	mouse
SRP145671	19	0.282051282051282	0.140866873065015	0.628482972136223	0.34984520123839	mouse
SRP148418	10	0	0.523809523809524	0.523809523809524	1	mouse
SRP148491	31	0.0714285714285714	0.120607438216376	0.441363189373055	1	mouse
SRP148574	21	0.416666666666667	0.184234341509883	0.660490592998333	0.0872316537951212	mouse
SRP149000	12	0.166666666666667	0.242424242424242	1	1	mouse
SRP149072	12	0.171428571428571	0.242424242424242	1	1	mouse
SRP149124	12	0	0.545454545454546	0.545454545454546	1	mouse
SRP149159	13	0.0476190476190476	0.265734265734266	0.559440559440559	1	mouse
SRP149487	8	0.25	0.142857142857143	1	1	mouse
SRP150004	11	0.857142857142857	0.545454545454546	0.545454545454546	0.0151515151515152	mouse
SRP150238	18	0.166666666666667	0.0980392156862746	0.529411764705882	0.529411764705882	mouse
SRP150269	48	0.0434782608695652	0	0	0.479166666666667	mouse
SRP150310	12	0	0.567099567099568	0.567099567099568	1	mouse
SRP151097	13	0.0952380952380952	0.265734265734266	0.592074592074592	1	mouse
SRP151246	12	0.333333333333333	0.545454545454546	0.545454545454546	0.545454545454546	mouse
SRP151290	10	1	0.206349206349206	1	0.00793650793650794	mouse
SRP151455	19	0.244444444444444	0.140866873065015	0.628482972136223	0.34984520123839	mouse
SRP151536	15	0.0555555555555556	0.228571428571429	0.525274725274725	1	mouse
SRP151595	15	0.611111111111111	0.314685314685315	0.608391608391608	0.0405594405594405	mouse
SRP151677	29	0.438095238095238	0.128135932033983	0.449725137431285	0.0209395302348826	mouse
SRP151888	12	0.171428571428571	0.242424242424242	1	1	mouse
SRP151927	10	0.6	0.166666666666667	1	0.166666666666667	mouse
SRP153101	12	0	0.545454545454546	0.545454545454546	1	mouse
SRP153147	44	0.3125	0.0410760494051536	0.241005132278978	0.0410760494051536	mouse
SRP153200	25	0.0384615384615384	0.115238543930158	0.433752668115302	1	mouse
SRP154146	58	0	0.0172775578724614	0.188510360120899	1	mouse
SRP154425	45	0.0553359683794466	0.0351425643541355	0.165321742179371	0.738110124610408	mouse
SRP154465	14	0.375	0.208791208791209	0.538461538461539	0.208791208791209	mouse
SRP154838	25	0.194805194805195	0.0463768115942029	0.340579710144928	0.340579710144928	mouse
SRP154859	33	0.0183823529411765	0.0570263255469039	0.2587319243604	1	mouse
SRP154932	12	0.142857142857143	0	0.416666666666667	1	mouse
SRP154934	15	0.375	0.2	0.569230769230769	0.2	mouse
SRP155757	17	0.0138888888888889	0	0.470588235294118	1	mouse
SRP155851	12	0	0.567099567099568	0.567099567099568	1	mouse
SRP155931	14	0.166666666666667	0	0.428571428571429	0.428571428571429	mouse
SRP155943	18	0.222222222222222	0	0.470588235294118	0.470588235294118	mouse
SRP156218	8	0	0.428571428571429	0.428571428571429	1	mouse
SRP156285	10	0.5	0.5	0.5	0.2	mouse
SRP156476	8	0	0.485714285714286	0.485714285714286	1	mouse
SRP156859	12	0.166666666666667	0.181818181818182	1	1	mouse
SRP156888	12	0.166666666666667	0.242424242424242	1	1	mouse
SRP158112	8	0	0.485714285714286	0.485714285714286	1	mouse
SRP158376	12	0.314285714285714	0.558080808080808	0.558080808080808	0.558080808080808	mouse
SRP158678	29	0.34	0.179781903919835	0.552608311229001	0.179781903919835	mouse
SRP158761	17	0.727272727272727	0.334841628959276	0.619909502262444	0.0090497737556561	mouse
SRP158995	16	0.125	0.314685314685315	0.314685314685315	1	mouse
SRP159065	8	0.5	0.428571428571429	0.428571428571429	0.428571428571429	mouse
SRP160439	8	0	0.428571428571429	0.428571428571429	1	mouse
SRP160883	15	0.4	0.230769230769231	0.560439560439561	0.230769230769231	mouse
SRP161460	8	0.25	0.142857142857143	1	1	mouse
SRP161775	8	0.25	0	1	1	mouse
SRP162305	12	0.171428571428571	0.242424242424242	1	1	mouse
SRP162318	10	0	0.523809523809524	0.523809523809524	1	mouse
SRP162383	13	0.523809523809524	0.265734265734266	0.592074592074592	0.102564102564103	mouse
SRP162456	52	0.0333333333333333	0.0237518690863216	0.261502594629273	1	mouse
SRP162527	15	0.0714285714285715	0.314685314685315	0.619269619269619	1	mouse
SRP163144	24	0	0.220346755142825	0.684272652909078	1	mouse
SRP164691	12	0.5	0.242424242424242	1	0.242424242424242	mouse
SRP165196	36	0	0.092215182731215	0.314529831858264	1	mouse
SRP165625	14	0.142857142857143	0.265734265734266	0.265734265734266	1	mouse
SRP165738	10	0.2	0	1	1	mouse
SRP165748	8	0	0.485714285714286	0.485714285714286	1	mouse
SRP165919	12	0.5	0.242424242424242	1	0.242424242424242	mouse
SRP166762	14	0.111111111111111	0	0.357142857142857	1	mouse
SRP166996	9	0.35	0.523809523809524	0.523809523809524	0.523809523809524	mouse
SRP167865	10	0.4	0.444444444444444	0.444444444444444	0.444444444444444	mouse
SRP167988	12	0	0.567099567099568	0.567099567099568	1	mouse
SRP168527	24	0	0.220346755142825	0.684272652909078	1	mouse
SRP168573	10	0.2	0.206349206349206	1	1	mouse
SRP168748	12	0	0.567099567099568	0.567099567099568	1	mouse
SRP170677	29	0.0333333333333333	0.143110978050707	0.46609222478544	1	mouse
SRP171158	14	0.458333333333333	0.277389277389277	0.627039627039627	0.137529137529137	mouse
SRP172565	21	0.2	0.0150375939849624	0.526315789473684	0.526315789473684	mouse
SRP172733	44	0.0905263157894737	0.00131490744082916	0.210401056685799	0.680123478336751	mouse
SRP173297	24	0	0.193027325346615	0.666846143491722	1	mouse
SRP173466	23	0.0454545454545454	0.220346755142824	0.41364921254543	1	mouse
SRP173478	8	0	0.485714285714286	0.485714285714286	1	mouse
SRP173589	8	0	0.485714285714286	0.485714285714286	1	mouse
SRP173645	8	0.25	0	1	1	mouse
SRP173675	24	0.5	0.213756898640463	0.680172297752053	0.0360748418360479	mouse
SRP173803	14	0.466666666666667	0.265734265734266	1	0.265734265734266	mouse
SRP173808	8	0.25	0.142857142857143	1	1	mouse
SRP173935	9	0.15	0.523809523809524	1	1	mouse
SRP174208	37	0.0175438596491229	0.0788907451866295	0.295295931558445	1	mouse
SRP174529	19	0.233333333333333	0.0866873065015478	0.582043343653251	0.303405572755418	mouse
SRP175109	11	0.0666666666666667	0.545454545454546	0.545454545454546	1	mouse
SRP176410	8	0	0.428571428571429	0.428571428571429	1	mouse
SRP176418	10	0.25	0.19047619047619	1	0.571428571428571	mouse
SRP178051	15	0.0535714285714286	0.314685314685314	0.608391608391608	1	mouse
SRP178267	8	0	0.485714285714286	0.485714285714286	1	mouse
SRP178890	14	0	0.102564102564103	0.592074592074592	1	mouse
SRP181206	8	0	0.428571428571429	0.428571428571429	1	mouse
SRP181809	45	0.196428571428571	0.0362131717803268	0.372749124933849	0.238147461138785	mouse
SRP181939	10	0.4	0.523809523809524	0.523809523809524	0.523809523809524	mouse
SRP182089	24	0	0.220346755142825	0.684272652909078	1	mouse
SRP182095	8	0.5	0.428571428571429	0.428571428571429	0.428571428571429	mouse
SRP183456	9	0.15	0.523809523809524	1	1	mouse
SRP185546	22	0.133333333333333	0.16187527642636	0.347633790358249	0.646174259177355	mouse
SRP185578	8	0.5	0.485714285714286	0.485714285714286	0.485714285714286	mouse
SRP185583	31	0.422619047619048	0.201459171158838	0.383866974701235	0.0776429651179374	mouse
SRP185733	18	0.425	0.144796380090498	0.630467571644042	0.144796380090498	mouse
SRP185805	84	0.372319688109162	0.00975650428354518	0.244009244937226	0.00215713566857298	mouse
SRP185884	16	0	0.131934731934732	0.61926961926962	1	mouse
SRP186066	8	0	0.428571428571429	0.428571428571429	1	mouse
SRP186132	12	0	0.567099567099568	0.567099567099568	1	mouse
SRP186214	16	0.25	0.135714285714286	0.528571428571429	0.528571428571429	mouse
SRP186363	11	0.2	0	1	0.454545454545455	mouse
SRP186486	8	0.75	0.142857142857143	1	0.142857142857143	mouse
SRP186988	12	0	0.567099567099568	0.567099567099568	1	mouse
SRP187855	46	0.153846153846154	0.035534499565562	0.370743122346499	0.370743122346499	mouse
SRP188688	12	0.166666666666667	0.242424242424242	1	1	mouse
SRP188706	8	0	0.485714285714286	0.485714285714286	1	mouse
SRP188927	8	0.5	0.428571428571429	0.428571428571429	0.428571428571429	mouse
SRP189379	8	0.5	0.428571428571429	0.428571428571429	0.428571428571429	mouse
SRP189755	12	0.166666666666667	0.181818181818182	1	1	mouse
SRP189776	8	0	0.485714285714286	0.485714285714286	1	mouse
SRP190335	39	0.157608695652174	0.027166619017902	0.470708489029499	0.470708489029499	mouse
SRP190928	8	0	0.485714285714286	0.485714285714286	1	mouse
SRP191039	9	0.15	0.523809523809524	1	1	mouse
SRP191054	12	0.166666666666667	0.181818181818182	1	1	mouse
SRP191069	10	0.25	0.19047619047619	1	0.571428571428571	mouse
SRP191419	21	0.0272727272727273	0.148606811145511	0.635117204776648	1	mouse
SRP191501	10	0	0.523809523809524	0.523809523809524	1	mouse
SRP192368	20	0.101010101010101	0.369849964277209	0.369849964277209	1	mouse
SRP192601	9	0.1	0.523809523809524	0.523809523809524	1	mouse
SRP192735	31	0.204761904761905	0.0274378939562477	0.295513533555803	0.295513533555803	mouse
SRP193449	50	0.177777777777778	0.155484339896921	0.642830712303423	0.642830712303423	mouse
SRP193857	11	0.0714285714285714	0.545454545454546	0.545454545454546	1	mouse
SRP195618	10	0	0.523809523809524	0.523809523809524	1	mouse
SRP197374	10	0.2	0.166666666666667	1	1	mouse
SRP197376	10	0.2	0.166666666666667	1	1	mouse
SRP198260	10	0.5	0.466666666666667	0.466666666666667	0.133333333333333	mouse
SRP198299	12	0	0.567099567099568	0.567099567099568	1	mouse
SRP198351	8	0.25	0.142857142857143	1	1	mouse
SRP198592	32	0.30952380952381	0.152669166265764	0.476451438966425	0.152669166265764	mouse
SRP199120	8	0	0.485714285714286	0.485714285714286	1	mouse
SRP199237	90	0.0222222222222222	0.00291780153116564	0.205232571980756	1	mouse
SRP199374	20	0	0.178895407997576	0.65628179869666	1	mouse
SRP199441	24	0	0.220346755142825	0.684272652909078	1	mouse
SRP199583	15	0.339285714285714	0.314685314685315	0.619269619269619	0.314685314685315	mouse
SRP200316	10	0.5	0.466666666666667	0.466666666666667	0.133333333333333	mouse
SRP200405	25	0.198717948717949	0.115238543930158	0.433752668115302	0.433752668115302	mouse
SRP200569	16	0	0.131934731934732	0.61926961926962	1	mouse
SRP201011	27	0.0238095238095238	0.164734299516908	0.648309178743962	1	mouse
SRP201665	16	0.125	0.314685314685315	0.314685314685315	1	mouse
SRP201679	19	0.0555555555555556	0.178895407997575	0.656281798696659	1	mouse
SRP201969	17	0.527777777777778	0.153434800493624	0.637186343068696	0.0566844919786097	mouse
SRP211825	8	0.5	0.428571428571429	0.428571428571429	0.428571428571429	mouse
SRP211876	8	0.25	0.142857142857143	1	1	mouse
SRP212107	15	0.0714285714285714	0.314685314685315	0.619269619269619	1	mouse
SRP212656	9	0.35	0.523809523809524	0.523809523809524	0.523809523809524	mouse
SRP212923	9	0.8	0.523809523809524	0.523809523809524	0.0476190476190477	mouse
SRP212932	9	0.1	0.523809523809524	0.523809523809524	1	mouse
SRP212955	12	0.333333333333333	0.454545454545455	0.454545454545455	0.454545454545455	mouse
SRP213018	10	0.166666666666667	0.190476190476191	1	1	mouse
SRP213838	13	0.0952380952380952	0.265734265734266	0.592074592074592	1	mouse
SRP214273	8	0.25	0	1	1	mouse
SRP214375	60	0	0.0135130818645291	0.304414818428943	1	mouse
SRP215380	10	0	0.523809523809524	0.523809523809524	1	mouse
SRP215863	14	0.25	0	0.285714285714286	0.285714285714286	mouse
SRP215922	24	0	0.220346755142825	0.684272652909078	1	mouse
SRP216020	10	0	0.523809523809524	0.523809523809524	1	mouse
SRP216037	22	0.0909090909090909	0.0861089375021263	0.394855918075732	1	mouse
SRP216087	10	0.6	0.166666666666667	1	0.166666666666667	mouse
SRP217736	11	0.1	0.242424242424242	0.567099567099567	1	mouse
SRP217849	16	0	0.131934731934732	0.61926961926962	1	mouse
SRP217860	9	0.8	0.523809523809524	0.523809523809524	0.0476190476190477	mouse
SRP217867	8	0.25	0.142857142857143	1	1	mouse
SRP217909	8	0	0.485714285714286	0.485714285714286	1	mouse
SRP218156	15	0.0714285714285715	0.314685314685315	0.619269619269619	1	mouse
SRP218250	23	0.113636363636364	0.068649885583524	0.37070938215103	0.666846143491722	mouse
SRP218851	12	0.5	0.181818181818182	1	0.181818181818182	mouse
SRP219516	13	0.119047619047619	0.192307692307692	0.559440559440559	1	mouse
SRP220131	10	0.333333333333333	0.466666666666667	0.466666666666667	0.466666666666667	mouse
SRP220333	21	0.181818181818182	0	0.476190476190476	0.476190476190476	mouse
SRP220671	23	0.0606060606060606	0.068649885583524	0.37070938215103	1	mouse
SRP221637	32	0	0.0755974787332523	0.28897347657607	1	mouse
SRP222321	8	0	0.428571428571429	0.428571428571429	1	mouse
SRP222765	17	0.208333333333333	0.0823529411764705	0.576470588235294	0.576470588235294	mouse
SRP223303	8	0	0.485714285714286	0.485714285714286	1	mouse
SRP224655	12	0.25	0.208080808080808	0.547474747474748	0.547474747474748	mouse
SRP225503	21	0.333333333333333	0.198380566801619	0.386996904024768	0.198380566801619	mouse
SRP225660	26	0	0.237743976309059	0.695097590523624	1	mouse
SRP225812	8	0.25	0.142857142857143	1	1	mouse
SRP226196	12	0.5	0.242424242424242	1	0.242424242424242	mouse
SRP227165	14	0.25	0.300699300699301	0.58041958041958	0.58041958041958	mouse
SRP228964	22	0.25	0.293233082706767	0.593984962406015	0.593984962406015	mouse
SRP229353	16	0.25	0.131934731934732	0.61926961926962	0.61926961926962	mouse
SRP229494	20	0	0.178895407997576	0.65628179869666	1	mouse
SRP229626	13	0.214285714285714	0.265734265734266	0.592074592074592	0.592074592074592	mouse
SRP229965	19	0.133333333333333	0.140866873065015	0.303405572755418	0.628482972136223	mouse
SRP230248	16	0	0.131934731934732	0.61926961926962	1	mouse
SRP230420	84	0.0272727272727273	0.00821677246605611	0.188715948798819	0.829788632317206	mouse
SRP230425	8	0.25	0	1	1	mouse
SRP232913	12	0	0.567099567099568	0.567099567099568	1	mouse
SRP233206	9	0.3	0.523809523809524	1	0.523809523809524	mouse
SRP233366	12	0	0.567099567099568	0.567099567099568	1	mouse
SRP234038	48	0	0.0422199017194422	0.386809339257325	1	mouse
SRP235231	19	0.170454545454545	0.169802333889021	0.649916646820671	0.649916646820671	mouse
SRP237295	12	0.333333333333333	0.454545454545455	0.454545454545455	0.454545454545455	mouse
SRP237364	10	0.2	0.206349206349206	1	1	mouse
SRP237439	12	0	0.454545454545455	0.454545454545455	1	mouse
SRP237817	12	0	0.545454545454546	0.545454545454546	1	mouse
SRP237911	8	0.25	0.142857142857143	1	1	mouse
SRP238851	13	0.0952380952380952	0.265734265734266	0.592074592074592	1	mouse
SRP251172	8	0	0.485714285714286	0.485714285714286	1	mouse
SRP256038	21	0	0.158823529411765	0.642414860681115	1	mouse
SRP281844	8	0	0.428571428571429	0.428571428571429	1	mouse
SRP316599	12	0	0.567099567099568	0.567099567099568	1	mouse
SRP471095	17	0.0454545454545454	0.334841628959276	0.619909502262444	1	mouse
