organism	cls	set	n_studies	k_M0	pct_M0_ge1	M0_lo	M0_hi	k_M1	pct_M1_ge1	M1_lo	M1_hi	k_perm	pct_perm_ge1	perm_lo	perm_hi	pct_M0_ge3	median_panel_genes_when_present	removed_by_adjustment
human	balanced	all valid mixed-sex, M1 estimable	175	5	2.85714285714286	1.22644511981337	6.51306836434554	59	33.7142857142857	27.1269045298869	41.001291037368	5	2.85714285714286	1.22644511981337	6.51306836434554	0.571428571428571	1	0
human	mildly_imbalanced	all valid mixed-sex, M1 estimable	79	11	13.9240506329114	7.95654064460579	23.2373315886519	21	26.5822784810127	18.0933376941244	37.2430355099201	8	10.126582278481	5.22118079405854	18.7299411479631	6.32911392405063	1	1
human	partially_confounded	all valid mixed-sex, M1 estimable	57	17	29.8245614035088	19.5325500748181	42.66428010346	12	21.0526315789474	12.4745483030346	33.2861210831905	16	28.0701754385965	18.0793993438236	40.8301986760439	12.280701754386	2	9
mouse	balanced	all valid mixed-sex, M1 estimable	298	1	0.335570469798658	0.0592610084900471	1.87601284140351	36	12.0805369127517	8.85500861002457	16.2712477753671	2	0.671140939597315	0.184244415163274	2.41362893574452	0	2	0
mouse	mildly_imbalanced	all valid mixed-sex, M1 estimable	159	6	3.77358490566038	1.74074302773911	7.98740540289935	17	10.6918238993711	6.78327065656683	16.4549507980577	6	3.77358490566038	1.74074302773911	7.98740540289935	1.25786163522013	1.5	1
mouse	partially_confounded	all valid mixed-sex, M1 estimable	142	34	23.943661971831	17.670251828526	31.5897181427153	18	12.6760563380282	8.17074110633732	19.1475942578732	33	23.2394366197183	17.0534471091852	30.8351706991167	11.2676056338028	2	21
human	balanced	analysis set	105	5	4.76190476190476	2.0509165674362	10.6661665832928	59	56.1904761904762	46.6483422557748	65.2956358393886	5	4.76190476190476	2.0509165674362	10.6661665832928	0.952380952380952	1	0
human	mildly_imbalanced	analysis set	59	11	18.6440677966102	10.7427219420053	30.3789504469628	21	35.5932203389831	24.6032914038133	48.344504018145	8	13.5593220338983	7.03417467253372	24.5396608065373	8.47457627118644	1	1
human	partially_confounded	analysis set	39	17	43.5897435897436	29.3047538756896	59.0243083513305	11	28.2051282051282	16.5434920888477	43.7753194830208	16	41.025641025641	27.0793100007252	56.581377117103	17.948717948718	2	9
mouse	balanced	analysis set	233	1	0.429184549356223	0.0758018291874005	2.39059862695762	36	15.450643776824	11.3739630365282	20.6480736450275	2	0.858369098712446	0.235712255530741	3.07513494991173	0	2	0
mouse	mildly_imbalanced	analysis set	117	6	5.12820512820513	2.37123785288166	10.7380534245431	17	14.5299145299145	9.27393928080475	22.0410243003977	6	5.12820512820513	2.37123785288166	10.7380534245431	1.70940170940171	1.5	1
mouse	partially_confounded	analysis set	120	34	28.3333333333333	21.0406280917565	36.970202453054	18	15	9.70381229258474	22.4675293567245	32	26.6666666666667	19.5684550467252	35.2124393861476	13.3333333333333	2	21
human	balanced	M0 DE >= 1	105	5	4.76190476190476	2.0509165674362	10.6661665832928	59	56.1904761904762	46.6483422557748	65.2956358393886	5	4.76190476190476	2.0509165674362	10.6661665832928	0.952380952380952	1	0
human	mildly_imbalanced	M0 DE >= 1	59	11	18.6440677966102	10.7427219420053	30.3789504469628	21	35.5932203389831	24.6032914038133	48.344504018145	8	13.5593220338983	7.03417467253372	24.5396608065373	8.47457627118644	1	1
human	partially_confounded	M0 DE >= 1	39	17	43.5897435897436	29.3047538756896	59.0243083513305	11	28.2051282051282	16.5434920888477	43.7753194830208	16	41.025641025641	27.0793100007252	56.581377117103	17.948717948718	2	9
mouse	balanced	M0 DE >= 1	233	1	0.429184549356223	0.0758018291874005	2.39059862695762	36	15.450643776824	11.3739630365282	20.6480736450275	2	0.858369098712446	0.235712255530741	3.07513494991173	0	2	0
mouse	mildly_imbalanced	M0 DE >= 1	117	6	5.12820512820513	2.37123785288166	10.7380534245431	17	14.5299145299145	9.27393928080475	22.0410243003977	6	5.12820512820513	2.37123785288166	10.7380534245431	1.70940170940171	1.5	1
mouse	partially_confounded	M0 DE >= 1	120	34	28.3333333333333	21.0406280917565	36.970202453054	18	15	9.70381229258474	22.4675293567245	32	26.6666666666667	19.5684550467252	35.2124393861476	13.3333333333333	2	21
