organism	target_df	n	nDE_M0	nDE_M1	falseDE_frac_M0	falseDE_frac_M1	recall_M0	recall_M1	tsp_ref_M0	tsp_ref_M1	top100_ref_M0	top100_ref_M1	sexgene_M0	sexgene_M1
human	0	44	1532	1551	0.044 [0.035, 0.060]	0.044 [0.038, 0.063]	0.188 [0.090, 0.293]	0.192 [0.100, 0.295]	0.858 [0.797, 0.884]	0.858 [0.799, 0.884]	0.280 [0.245, 0.349]	0.278 [0.242, 0.341]	0.023	0.682
human	0.2	44	1742	1384	0.055 [0.044, 0.071]	0.052 [0.037, 0.072]	0.190 [0.106, 0.255]	0.168 [0.085, 0.230]	0.829 [0.789, 0.875]	0.819 [0.793, 0.857]	0.285 [0.238, 0.357]	0.280 [0.217, 0.319]	0.068	0.659
human	0.4	44	1702	1053	0.052 [0.040, 0.070]	0.053 [0.039, 0.069]	0.172 [0.115, 0.305]	0.115 [0.080, 0.213]	0.842 [0.802, 0.889]	0.819 [0.773, 0.856]	0.290 [0.240, 0.374]	0.261 [0.218, 0.342]	0.477	0.568
human	0.6	44	1939	479	0.075 [0.053, 0.105]	0.056 [0.040, 0.094]	0.214 [0.071, 0.341]	0.054 [0.018, 0.153]	0.836 [0.793, 0.889]	0.773 [0.714, 0.808]	0.280 [0.225, 0.359]	0.196 [0.164, 0.249]	0.705	0.477
human	0.8	44	1823	213	0.087 [0.067, 0.174]	0.130 [0.065, 0.245]	0.206 [0.098, 0.326]	0.023 [0.010, 0.036]	0.823 [0.787, 0.889]	0.664 [0.593, 0.752]	0.272 [0.212, 0.381]	0.149 [0.109, 0.209]	0.864	0.409
mouse	0	41	109	136	0.058 [0.038, 0.088]	0.074 [0.048, 0.092]	0.146 [0.080, 0.324]	0.150 [0.102, 0.321]	0.746 [0.715, 0.857]	0.746 [0.721, 0.858]	0.433 [0.411, 0.519]	0.483 [0.365, 0.530]	0	0.244
mouse	0.2	41	105	90	0.051 [0.036, 0.068]	0.062 [0.040, 0.093]	0.133 [0.090, 0.250]	0.122 [0.087, 0.251]	0.745 [0.692, 0.838]	0.760 [0.695, 0.829]	0.442 [0.392, 0.531]	0.456 [0.369, 0.516]	0	0.171
mouse	0.4	41	36	87	0.072 [0.053, 0.100]	0.067 [0.047, 0.100]	0.150 [0.089, 0.280]	0.132 [0.073, 0.200]	0.726 [0.673, 0.826]	0.701 [0.676, 0.783]	0.450 [0.361, 0.532]	0.432 [0.306, 0.517]	0.049	0.244
mouse	0.6	41	185	24	0.089 [0.069, 0.148]	0.053 [0.039, 0.172]	0.178 [0.092, 0.348]	0.066 [0.017, 0.162]	0.689 [0.655, 0.802]	0.658 [0.594, 0.726]	0.394 [0.344, 0.487]	0.356 [0.223, 0.434]	0.244	0.268
mouse	0.8	41	248	21	0.131 [0.103, 0.226]	0.153 [0.099, 0.308]	0.229 [0.119, 0.447]	0.032 [0.014, 0.100]	0.682 [0.639, 0.816]	0.561 [0.497, 0.678]	0.378 [0.233, 0.467]	0.236 [0.120, 0.274]	0.561	0.317
