level	organism	stratum	n	n_confounded	d_across_all	d_within_all	d_across_conf	d_within_conf	leak_M0_conf
other	human	tissue	111	25	-0.001 [-0.020, 0.003]	-0.002 [-0.005, 0.000]	-0.194 [-0.405, -0.144]	-0.017 [-0.074, 0.004]	0.48
blood/immune	human	tissue	59	8	-0.029 [-0.047, -0.002]	-0.010 [-0.023, -0.003]	-0.348 [-0.727, -0.184]	-0.004 [-0.100, 0.075]	0.25
tumour	human	tissue	18	4	-0.037 [-0.129, 0.010]	-0.008 [-0.022, 0.003]	-0.268 [-0.553, -0.184]	-0.042 [-0.124, 0.003]	0.75
liver	human	tissue	11	2	-0.035 [-0.138, 0.073]	-0.007 [-0.043, 0.035]	-0.254 (n<3)	0.072 (n<3)	0
brain/CNS	human	tissue	4	0	0.228 [-0.865, 1.000]	-0.020 [-0.135, 0.211]	NA (n<3)	NA (n<3)	
case-control	human	ctype	194	36	-0.009 [-0.026, 0.000]	-0.005 [-0.008, -0.002]	-0.257 [-0.375, -0.185]	-0.013 [-0.058, 0.002]	0.444
genotype	human	ctype	8	3	0.003 [-0.242, 0.322]	-0.011 [-0.076, 0.064]	-0.184 [-0.553, -0.002]	-0.010 [-0.030, 0.094]	0.333
treatment/time	human	ctype	1	0	1.000 (n<3)	1.000 (n<3)	NA (n<3)	NA (n<3)	
other	mouse	tissue	222	72	0.000 [-0.003, 0.006]	0.000 [-0.003, 0.000]	-0.189 [-0.289, -0.091]	0.000 [-0.015, 0.000]	0.306
brain/CNS	mouse	tissue	139	22	0.006 [0.000, 0.041]	-0.006 [-0.012, 0.000]	-0.035 [-0.339, 0.000]	-0.004 [-0.023, 0.020]	0.227
liver	mouse	tissue	50	11	-0.030 [-0.085, -0.002]	-0.006 [-0.050, 0.000]	-0.096 [-0.205, 0.000]	-0.005 [-0.045, 0.000]	0.182
blood/immune	mouse	tissue	38	7	-0.058 [-0.169, 0.007]	0.000 [-0.022, 0.000]	-0.333 [-0.459, 0.000]	0.000 [-0.020, 0.271]	0.286
tumour	mouse	tissue	21	8	-0.065 [-0.201, 0.000]	0.000 [-0.017, 0.036]	-0.371 [-0.559, -0.201]	0.019 [-0.024, 0.074]	0.375
genotype	mouse	ctype	333	86	0.000 [0.000, 0.002]	0.000 [0.000, 0.000]	-0.163 [-0.333, -0.082]	0.000 [-0.003, 0.000]	0.291
treatment/time	mouse	ctype	111	25	0.000 [-0.019, 0.008]	-0.011 [-0.025, -0.003]	-0.164 [-0.407, 0.000]	-0.004 [-0.016, 0.004]	0.16
case-control	mouse	ctype	25	9	-0.011 [-0.201, 0.000]	-0.010 [-0.089, -0.001]	-0.201 [-0.477, -0.040]	-0.057 [-0.133, 0.040]	0.556
other	mouse	ctype	1	0	-0.026 (n<3)	-0.017 (n<3)	NA (n<3)	NA (n<3)	
